created;text
;RT @ARMYTEAMIID: [??]
28/11/2021 05:48;RT @987fm: no because this man was wildin with the smoke machine today #PTD_ON_STAGE_LA #bts https://t.co/JlsSx7FRCp
28/11/2021 05:48;RT @987fm: no because this man was wildin with the smoke machine today #PTD_ON_STAGE_LA #bts https://t.co/JlsSx7FRCp
28/11/2021 05:48;RT @987fm: no because this man was wildin with the smoke machine today #PTD_ON_STAGE_LA #bts https://t.co/JlsSx7FRCp
28/11/2021 05:48;RT @987fm: no because this man was wildin with the smoke machine today #PTD_ON_STAGE_LA #bts https://t.co/JlsSx7FRCp
;RT @idreamyou_: MIN YOONGI
28/11/2021 05:48;RT @987fm: no because this man was wildin with the smoke machine today #PTD_ON_STAGE_LA #bts https://t.co/JlsSx7FRCp
;RT @indiacom: #Jungkook won everyone's heart with his energy
;RT @eternalsvn_: The duality of Kim Seokjin!
28/11/2021 05:48;RT @joonality: I vote for #bts  at 2021 #MAMAVOTE
28/11/2021 05:48;RT @987fm: gettin’ chimmy with it #PTD_ON_STAGE_LA #bts https://t.co/CUH6B8nayb
;MAKE SOME MOTHERFCKING NOISE !!
NA;You showed me I have reasons I should love myself
;RT @HYBE_MERCH: BTS 2021 Holiday Collection: Little Wishes - Preview Cuts #1
;RT @KplusArmyhour: We’re now playing “#MyTime“ by 
;RT @ARMYTEAMIID: [??]
;RT @ARMYTEAMIID: [??]
;RT @ARMYTEAMIID: [??]
;RT @Lovly_mochitwin: ANDERSON AND HIS SON FINALLY MET BTS AT THE BACKSTAGE ????
 greeting ARMYs. THE BEST TIME OF LIFE!!!…;RT @mohana_bts: They're in the mini cart thing going around the stadium
28/11/2021 05:48;RT @987fm: no because this man was wildin with the smoke machine today #PTD_ON_STAGE_LA #bts https://t.co/JlsSx7FRCp
;RT @hashtag0T7: BTS BTS BTS! 
;RT @crazyoverlili7: [MAMA2021]
28/11/2021 05:48;RT @kellzsvt: LOOK AT THEM !! #BTSARMY #BTS #BTSSoFiStadium https://t.co/14qG5NE3vG
28/11/2021 05:48;RT @987fm: no because this man was wildin with the smoke machine today #PTD_ON_STAGE_LA #bts https://t.co/JlsSx7FRCp
;RT @ZER0XBLACK: BTS Official Instagram Story (1)
28/11/2021 05:48;RT @987fm: gettin’ chimmy with it #PTD_ON_STAGE_LA #bts https://t.co/CUH6B8nayb
;RT @JinCrave: Kim Seokjin! Having the time of his life! ?? He's so precious!! 
;RT @ARMYTEAMIID: [??]
28/11/2021 05:48;RT @987fm: no because this man was wildin with the smoke machine today #PTD_ON_STAGE_LA #bts https://t.co/JlsSx7FRCp
;RT @idreamyou_: MIN YOONGI
28/11/2021 05:48;RT @kellzsvt: THEY WENT ON THE CARTS #BTSARMY #BTS #BTSSoFiStadium https://t.co/2agjdpdj44
28/11/2021 05:48;RT @987fm: no because this man was wildin with the smoke machine today #PTD_ON_STAGE_LA #bts https://t.co/JlsSx7FRCp
;RT @celsealia_m: 5 FREE VOTES to  Final Voting ??
;RT @ARMYTEAMIID: [??]
28/11/2021 05:48;RT @987fm: no because this man was wildin with the smoke machine today #PTD_ON_STAGE_LA #bts https://t.co/JlsSx7FRCp
;RT @ARMYTEAMIID: [??]
;RT @btsconcertvideo: Why you still waking with us #BTS @BTS_twt #PTD_ON_STAGE_LA 
28/11/2021 05:48;@btsvotingorg I vote for #bts as Worldwide Fan's Choice Top 10 at the #MAMAVOTE
 if we lose first place we will not to…;RT @jk_rawda: Army
28/11/2021 05:48;RT @987fm: no because this man was wildin with the smoke machine today #PTD_ON_STAGE_LA #bts https://t.co/JlsSx7FRCp
28/11/2021 05:48;RT @kkuksgf: I vote for #bts as Worldwide Fan’s Choice Top 10 at the #MAMAVOTE
28/11/2021 05:48;RT @987fm: no because this man was wildin with the smoke machine today #PTD_ON_STAGE_LA #bts https://t.co/JlsSx7FRCp
28/11/2021 05:48;RT @kellzsvt: THEY WENT ON THE CARTS #BTSARMY #BTS #BTSSoFiStadium https://t.co/2agjdpdj44
28/11/2021 05:48;RT @kellzsvt: THEY WENT ON THE CARTS #BTSARMY #BTS #BTSSoFiStadium https://t.co/2agjdpdj44
28/11/2021 05:48;RT @987fm: no because this man was wildin with the smoke machine today #PTD_ON_STAGE_LA #bts https://t.co/JlsSx7FRCp
;I'm learning how to love myself  #PTD_ON_STAGE_LA 
;those hands cg oml refers every army at home rn
;“We were only seven
28/11/2021 05:48;RT @kkukstudio: I vote for #bts at 2021 #MAMAVOTE
;RT @MAMA_2021polls: FREE MAMA 5 VOTES
;YOU SHOW ME I HAVE REASONS I SHOULD LOVE MYSELF
28/11/2021 05:48;RT @987fm: gettin’ chimmy with it #PTD_ON_STAGE_LA #bts https://t.co/CUH6B8nayb
28/11/2021 05:48;RT @987fm: gettin’ chimmy with it #PTD_ON_STAGE_LA #bts https://t.co/CUH6B8nayb
28/11/2021 05:48;RT @987fm: gettin’ chimmy with it #PTD_ON_STAGE_LA #bts https://t.co/CUH6B8nayb
28/11/2021 05:48;RT @987fm: tae lookin fire as per usual #PTD_ON_STAGE_LA #bts https://t.co/ycTi4uMh8d
28/11/2021 05:48;RT @987fm: gettin’ chimmy with it #PTD_ON_STAGE_LA #bts https://t.co/CUH6B8nayb
28/11/2021 05:48;RT @987fm: no because this man was wildin with the smoke machine today #PTD_ON_STAGE_LA #bts https://t.co/JlsSx7FRCp
28/11/2021 05:48;RT @wuthie16: I MEAN??? WHAT THE FUCK??? JK LIKE WTF??? LIKE SERIOUSLY???? ???????? #PTD_ON_STAGE_LA #BTS https://t.co/ZQHeHL7fEe
28/11/2021 05:48;RT @987fm: gettin’ chimmy with it #PTD_ON_STAGE_LA #bts https://t.co/CUH6B8nayb
28/11/2021 05:48;I vote for #bts   as Worldwide Fan’s Choice Top 10 at the #MAMAVOTE   2021
;RT @atozv_scan: ?scan?in the soop season2 gift
28/11/2021 05:48;RT @987fm: tae lookin fire as per usual #PTD_ON_STAGE_LA #bts https://t.co/ycTi4uMh8d
;Love myself: answer is so beautiful live.
;RT @btsvotingdg: WAB: THE ETERNAL ARMY VOTE DAEANG MAMA PLS
28/11/2021 05:48;RT @987fm: gettin’ chimmy with it #PTD_ON_STAGE_LA #bts https://t.co/CUH6B8nayb
;RT @ARMYTEAMIID: [??]
28/11/2021 05:48;RT @987fm: no because this man was wildin with the smoke machine today #PTD_ON_STAGE_LA #bts https://t.co/JlsSx7FRCp
;RT @aynndw: you've shown me i have reasons
 if we lose first place we will not to…;RT @jk_rawda: Army
28/11/2021 05:48;RT @kellzsvt: THEY WENT ON THE CARTS #BTSARMY #BTS #BTSSoFiStadium https://t.co/2agjdpdj44
;RT @spring030993: 211127 [PTD LA] DAY 1
28/11/2021 05:48;RT @BTS_Banana613: Again: I love us ?? #BTSARMY #BTS #PTD_ON_STAGE_LA https://t.co/eupcok6UsU
28/11/2021 05:48;RT @987fm: gettin’ chimmy with it #PTD_ON_STAGE_LA #bts https://t.co/CUH6B8nayb
28/11/2021 05:48;RT @987fm: gettin’ chimmy with it #PTD_ON_STAGE_LA #bts https://t.co/CUH6B8nayb
28/11/2021 05:48;RT @kellzsvt: THEY WENT ON THE CARTS #BTSARMY #BTS #BTSSoFiStadium https://t.co/2agjdpdj44
;RT @BEhappyasBEE: I can't express my feeling right now. I'm crying...
;RT @ZER0XBLACK: Ken Nettles Instagram
28/11/2021 05:48;RT @987fm: tae lookin fire as per usual #PTD_ON_STAGE_LA #bts https://t.co/ycTi4uMh8d
;RT @ARMYTEAMIID: [??]
28/11/2021 05:48;RT @987fm: gettin’ chimmy with it #PTD_ON_STAGE_LA #bts https://t.co/CUH6B8nayb
28/11/2021 05:48;RT @987fm: no because this man was wildin with the smoke machine today #PTD_ON_STAGE_LA #bts https://t.co/JlsSx7FRCp
28/11/2021 05:48;RT @987fm: no because this man was wildin with the smoke machine today #PTD_ON_STAGE_LA #bts https://t.co/JlsSx7FRCp
28/11/2021 05:48;RT @987fm: no because this man was wildin with the smoke machine today #PTD_ON_STAGE_LA #bts https://t.co/JlsSx7FRCp
28/11/2021 05:48;RT @kellzsvt: LOOK AT THEM !! #BTSARMY #BTS #BTSSoFiStadium https://t.co/14qG5NE3vG
28/11/2021 05:48;RT @987fm: gettin’ chimmy with it #PTD_ON_STAGE_LA #bts https://t.co/CUH6B8nayb
28/11/2021 05:48;RT @987fm: no because this man was wildin with the smoke machine today #PTD_ON_STAGE_LA #bts https://t.co/JlsSx7FRCp
28/11/2021 05:48;RT @987fm: no because this man was wildin with the smoke machine today #PTD_ON_STAGE_LA #bts https://t.co/JlsSx7FRCp
28/11/2021 05:48;I vote for #bts  at 2021 #MAMAVOTE
28/11/2021 05:48;RT @987fm: tae lookin fire as per usual #PTD_ON_STAGE_LA #bts https://t.co/ycTi4uMh8d
;RT @MAMA_2021polls: FREE MAMA 5 VOTES
 if we lose first place we will not to…;RT @jk_rawda: Army
28/11/2021 05:48;RT @987fm: tae lookin fire as per usual #PTD_ON_STAGE_LA #bts https://t.co/ycTi4uMh8d
;RT @HYBE_MERCH: BTS 2021 Holiday Collection: Little Wishes - Preview Cuts #2
;THANK YOU SO MUCH BTS!
;RT @mama2021nominee: 5 free votes for Final #Mama2021
;RT @ARMYTEAMIID: [??]
;RT @ZER0XBLACK: Ken Nettles Instagram
28/11/2021 05:48;RT @joonality: I vote for #bts  at 2021 #MAMAVOTE
28/11/2021 05:48;RT @kellzsvt: THEYRE SO BEAUTIFUL #BTSARMY #BTS #BTSSoFiStadium https://t.co/7VCWNdCuxX
28/11/2021 05:48;RT @RubiDilaik: I pour my soul in whatever I do .... sharing some moments from #Galat #bts https://t.co/D2BDUBYHjZ
28/11/2021 05:48;RT @987fm: gettin’ chimmy with it #PTD_ON_STAGE_LA #bts https://t.co/CUH6B8nayb
28/11/2021 05:48;RT @987fm: no because this man was wildin with the smoke machine today #PTD_ON_STAGE_LA #bts https://t.co/JlsSx7FRCp
28/11/2021 05:48;RT @987fm: tae lookin fire as per usual #PTD_ON_STAGE_LA #bts https://t.co/ycTi4uMh8d
28/11/2021 05:48;RT @JMSTELEPATHY: I vote for #bts   at 2021 #MAMAVOTE
28/11/2021 05:48;RT @kkukstudio: I vote for #bts at 2021 #MAMAVOTE
28/11/2021 05:48;RT @987fm: no because this man was wildin with the smoke machine today #PTD_ON_STAGE_LA #bts https://t.co/JlsSx7FRCp
;RT @MAMA_2021polls: FREE MAMA 5 VOTES
28/11/2021 05:48;RT @987fm: tae lookin fire as per usual #PTD_ON_STAGE_LA #bts https://t.co/ycTi4uMh8d
;RT @MAMA_2021polls: ? VOTING POLL ?
;RT @ARMYTEAMIID: [??]
;RT @shadow_twts: #BTS is now the first Asian Act to have a solo concert at the SoFi Stadium.
28/11/2021 05:48;RT @01Btsxarmy: ?? | I vote #bts for WW Fan's Choice Top 10 #MAMAVOTE.
;RT @ZER0XBLACK: BTS Official Instagram Story (3)
28/11/2021 05:48;RT @987fm: gettin’ chimmy with it #PTD_ON_STAGE_LA #bts https://t.co/CUH6B8nayb
28/11/2021 05:48;RT @kellzsvt: LOOK AT THEM !! #BTSARMY #BTS #BTSSoFiStadium https://t.co/14qG5NE3vG
;RT @ARMYTEAMIID: [??]
28/11/2021 05:48;Anyways learning how to love myself I vote for #bts   as Worldwide Fan’s Choice Top 10 at the #MAMAVOTE   2021
28/11/2021 05:48;RT @kkukstudio: I vote for #bts at 2021 #MAMAVOTE
;RT @alondracruz_775: THREAD OF LINKS: 
28/11/2021 05:48;RT @987fm: tae lookin fire as per usual #PTD_ON_STAGE_LA #bts https://t.co/ycTi4uMh8d
;RT @ARMYTEAMIID: [??]
28/11/2021 05:48;RT @987fm: no because this man was wildin with the smoke machine today #PTD_ON_STAGE_LA #bts https://t.co/JlsSx7FRCp
28/11/2021 05:48;RT @987fm: no because this man was wildin with the smoke machine today #PTD_ON_STAGE_LA #bts https://t.co/JlsSx7FRCp
;RT @HYBE_MERCH: BTS 2021 Holiday Collection: Little Wishes - Preview Cuts #1
28/11/2021 05:48;RT @987fm: no because this man was wildin with the smoke machine today #PTD_ON_STAGE_LA #bts https://t.co/JlsSx7FRCp
;LOVE MYSELF ???????????????
;RT @fallfortaegi: wab the eternal + love myself = banjir
28/11/2021 05:48;RT @987fm: gettin’ chimmy with it #PTD_ON_STAGE_LA #bts https://t.co/CUH6B8nayb
;RT @ARMYTEAMIID: [??]
28/11/2021 05:48;RT @987fm: gettin’ chimmy with it #PTD_ON_STAGE_LA #bts https://t.co/CUH6B8nayb
;RT @jtyjshn: sambil vote
28/11/2021 05:48;RT @kellzsvt: THEY WENT ON THE CARTS #BTSARMY #BTS #BTSSoFiStadium https://t.co/2agjdpdj44
28/11/2021 05:48;RT @kellzsvt: THEY WENT ON THE CARTS #BTSARMY #BTS #BTSSoFiStadium https://t.co/2agjdpdj44
28/11/2021 05:48;RT @987fm: no because this man was wildin with the smoke machine today #PTD_ON_STAGE_LA #bts https://t.co/JlsSx7FRCp
28/11/2021 05:48;RT @987fm: tae lookin fire as per usual #PTD_ON_STAGE_LA #bts https://t.co/ycTi4uMh8d
28/11/2021 05:48;RT @987fm: gettin’ chimmy with it #PTD_ON_STAGE_LA #bts https://t.co/CUH6B8nayb
28/11/2021 05:48;RT @987fm: no because this man was wildin with the smoke machine today #PTD_ON_STAGE_LA #bts https://t.co/JlsSx7FRCp
;RT @ARMYTEAMIID: [??]
;RT @btsbaragi_jk: I’m in!!
;RT @MAMA_2021polls: FREE MAMA 5 VOTES
28/11/2021 05:48;RT @987fm: tae lookin fire as per usual #PTD_ON_STAGE_LA #bts https://t.co/ycTi4uMh8d
28/11/2021 05:48;RT @987fm: gettin’ chimmy with it #PTD_ON_STAGE_LA #bts https://t.co/CUH6B8nayb
28/11/2021 05:48;@BTSSupportAR @BTS_twt | Vote for #bts as Worldwide Fan’s Choice Top 10 at #MAMAVOTE @BTS_twt
;RT @MAMA_2021polls: ? VOTING POLL ?
28/11/2021 05:48;RT @987fm: no because this man was wildin with the smoke machine today #PTD_ON_STAGE_LA #bts https://t.co/JlsSx7FRCp
28/11/2021 05:48;RT @987fm: no because this man was wildin with the smoke machine today #PTD_ON_STAGE_LA #bts https://t.co/JlsSx7FRCp
;RT @rmnewsdata: We are 454K!! Let's get a million tweets for Namjoon!!
28/11/2021 05:48;RT @987fm: tae lookin fire as per usual #PTD_ON_STAGE_LA #bts https://t.co/ycTi4uMh8d
;RT @ZER0XBLACK: BTS Official Instagram Story (2)
28/11/2021 05:48;The wait is over ?? #PTD_ON_STAGE_LA #BTS
28/11/2021 05:48;RT @987fm: no because this man was wildin with the smoke machine today #PTD_ON_STAGE_LA #bts https://t.co/JlsSx7FRCp
28/11/2021 05:48;RT @kellzsvt: THEY WENT ON THE CARTS #BTSARMY #BTS #BTSSoFiStadium https://t.co/2agjdpdj44
28/11/2021 05:48;RT @987fm: tae lookin fire as per usual #PTD_ON_STAGE_LA #bts https://t.co/ycTi4uMh8d
28/11/2021 05:48;RT @niiicccoolleee: jungkook taking his inner ear out to hear us... that smile... he is so happy to be with us again #BTSARMY #bts #BTSSoFi…
28/11/2021 05:48;RT @987fm: tae lookin fire as per usual #PTD_ON_STAGE_LA #bts https://t.co/ycTi4uMh8d
28/11/2021 05:48;RT @987fm: no because this man was wildin with the smoke machine today #PTD_ON_STAGE_LA #bts https://t.co/JlsSx7FRCp
28/11/2021 05:48;RT @987fm: tae lookin fire as per usual #PTD_ON_STAGE_LA #bts https://t.co/ycTi4uMh8d
28/11/2021 05:48;RT @kkukstudio: I vote for #bts at 2021 #MAMAVOTE
;RT @ARMYTEAMIID: [??]
28/11/2021 05:48;RT @987fm: no because this man was wildin with the smoke machine today #PTD_ON_STAGE_LA #bts https://t.co/JlsSx7FRCp
;Jungkook took out his earpiece to hear ARMYS voice ????
28/11/2021 05:48;RT @987fm: no because this man was wildin with the smoke machine today #PTD_ON_STAGE_LA #bts https://t.co/JlsSx7FRCp
28/11/2021 05:48;RT @987fm: gettin’ chimmy with it #PTD_ON_STAGE_LA #bts https://t.co/CUH6B8nayb
28/11/2021 05:48;RT @btstaetaelove25: BTS knew we were present ???????????????????????? #BTSPermissionToDanceOnStageLA #BTS #BTSARMY https://t.co/GhYP5xXTrG
28/11/2021 05:48;RT @987fm: tae lookin fire as per usual #PTD_ON_STAGE_LA #bts https://t.co/ycTi4uMh8d
28/11/2021 05:48;RT @DIORlattae: I vote for #bts at 2021 #MAMAVOTE
;RT @ARMYTEAMIID: [??]
28/11/2021 05:48;RT @987fm: no because this man was wildin with the smoke machine today #PTD_ON_STAGE_LA #bts https://t.co/JlsSx7FRCp
;RT @ARMYTEAMIID: [??]
;RT @MAMA_2021polls: FREE MAMA 5 VOTES
;RT @ZER0XBLACK: BTS Official Instagram Story (1)
28/11/2021 05:48;RT @987fm: tae lookin fire as per usual #PTD_ON_STAGE_LA #bts https://t.co/ycTi4uMh8d
28/11/2021 05:48;RT @01Btsxarmy: ?? | I vote #bts for WW Fan's Choice Top 10 #MAMAVOTE.
28/11/2021 05:48;MY BESTIE RACHEL SENT ME THE VIDEO WHERE TAEHYUNG LOOKED AT US ?? #BTS #PermissionToDanceOnStageLA #BTSARMY https://t.co/qJaxq4ebIm
;RT @sugako0ki: My Final #PTD_ON_STAGE_LA 
;RT @MAMA_2021polls: FREE MAMA 5 VOTES
28/11/2021 05:48;RT @987fm: no because this man was wildin with the smoke machine today #PTD_ON_STAGE_LA #bts https://t.co/JlsSx7FRCp
28/11/2021 05:48;RT @987fm: tae lookin fire as per usual #PTD_ON_STAGE_LA #bts https://t.co/ycTi4uMh8d
28/11/2021 05:48;RT @987fm: gettin’ chimmy with it #PTD_ON_STAGE_LA #bts https://t.co/CUH6B8nayb
28/11/2021 05:48;RT @987fm: gettin’ chimmy with it #PTD_ON_STAGE_LA #bts https://t.co/CUH6B8nayb
28/11/2021 05:48;RT @987fm: no because this man was wildin with the smoke machine today #PTD_ON_STAGE_LA #bts https://t.co/JlsSx7FRCp
;1k RT _BangtanCharts7: [???] BTS_twt
28/11/2021 05:48;RT @kellzsvt: THEY WENT ON THE CARTS #BTSARMY #BTS #BTSSoFiStadium https://t.co/2agjdpdj44
28/11/2021 05:48;RT @kellzsvt: THEY WENT ON THE CARTS #BTSARMY #BTS #BTSSoFiStadium https://t.co/2agjdpdj44
28/11/2021 05:48;RT @987fm: gettin’ chimmy with it #PTD_ON_STAGE_LA #bts https://t.co/CUH6B8nayb
28/11/2021 05:48;RT @987fm: gettin’ chimmy with it #PTD_ON_STAGE_LA #bts https://t.co/CUH6B8nayb
;RT @indiacom: #Jungkook won everyone's heart with his energy
28/11/2021 05:48;RT @987fm: gettin’ chimmy with it #PTD_ON_STAGE_LA #bts https://t.co/CUH6B8nayb
;RT @spring030993: 211127 [PTD LA] DAY 1
;RT @_BangtanCharts7: [???] @BTS_twt
;RT @BTStreamArg: We are Bulletproof: The Eternal y Answer: Love myself ??????????
;RT @freekvotes: [MAMA FINAL VOTING ROUND]
28/11/2021 05:48;RT @987fm: no because this man was wildin with the smoke machine today #PTD_ON_STAGE_LA #bts https://t.co/JlsSx7FRCp
28/11/2021 05:48;RT @kkukstudio: I vote for #bts at 2021 #MAMAVOTE
;RT @ZER0XBLACK: First concert of BTS PERMISSION TO DANCE in LA is now starting!
;RT @ARMYTEAMIID: [??]
28/11/2021 05:48;RT @987fm: tae lookin fire as per usual #PTD_ON_STAGE_LA #bts https://t.co/ycTi4uMh8d
28/11/2021 05:48;RT @DIORlattae: I vote for #bts at 2021 #MAMAVOTE
28/11/2021 05:48;RT @kellzsvt: THEY WENT ON THE CARTS #BTSARMY #BTS #BTSSoFiStadium https://t.co/2agjdpdj44
28/11/2021 05:48;RT @987fm: gettin’ chimmy with it #PTD_ON_STAGE_LA #bts https://t.co/CUH6B8nayb
28/11/2021 05:48;RT @DIORlattae: I vote for #bts at 2021 #MAMAVOTE
28/11/2021 05:48;RT @987fm: tae lookin fire as per usual #PTD_ON_STAGE_LA #bts https://t.co/ycTi4uMh8d
28/11/2021 05:48;RT @Sissylala712: Purple ocean?????? #BTS #PTD_ON_STAGE_LA https://t.co/jO0qywEhdg
28/11/2021 05:48;RT @kellzsvt: They lit up the army bombs saying “BTS” SO CUTE #BTSARMY #BTS #BTSSoFiStadium https://t.co/nAiSzJYm30
28/11/2021 05:48;RT @kellzsvt: THEY WENT ON THE CARTS #BTSARMY #BTS #BTSSoFiStadium https://t.co/2agjdpdj44
;RT @ARMYTEAMIID: [??]
28/11/2021 05:48;RT @987fm: tae lookin fire as per usual #PTD_ON_STAGE_LA #bts https://t.co/ycTi4uMh8d
28/11/2021 05:48;RT @987fm: no because this man was wildin with the smoke machine today #PTD_ON_STAGE_LA #bts https://t.co/JlsSx7FRCp
28/11/2021 05:48;RT @kellzsvt: THEY WENT ON THE CARTS #BTSARMY #BTS #BTSSoFiStadium https://t.co/2agjdpdj44
;RT @BTSEMPIRES: These streaming links have average of 50K+ viewers
;RT @indiacom: #Jungkook won everyone's heart with his energy
28/11/2021 05:48;RT @kkukstudio: I vote for #bts at 2021 #MAMAVOTE
;RT @jjkslilbitch: SEOUL                            LOS ANGELES
28/11/2021 05:48;RT @987fm: tae lookin fire as per usual #PTD_ON_STAGE_LA #bts https://t.co/ycTi4uMh8d
28/11/2021 05:48;RT @missmonkeyhill: The lights have gone down and the Army Bombs are on! #PTD_ON_STAGE_LA #BTSARMY #bts https://t.co/ykTIL96MBA
28/11/2021 05:48;RT @987fm: no because this man was wildin with the smoke machine today #PTD_ON_STAGE_LA #bts https://t.co/JlsSx7FRCp
;RT @BTStreamArg: We are Bulletproof: The Eternal y Answer: Love myself ??????????
;RT @btsvotingdg: WAB: THE ETERNAL ARMY VOTE DAEANG MAMA PLS
;Black Swan
28/11/2021 05:48;RT @hoseokxpictures: SO WHAT ?? #JHOPE #BTS @BTS_twt #PTD_ON_STAGE_LA https://t.co/OrVDGk8WxS
28/11/2021 05:48;RT @kellzsvt: LOOK AT THEM !! #BTSARMY #BTS #BTSSoFiStadium https://t.co/14qG5NE3vG
28/11/2021 05:48;@joonality I vote for #bts at mama 2021 #MAMAVOTE
28/11/2021 05:48;RT @987fm: gettin’ chimmy with it #PTD_ON_STAGE_LA #bts https://t.co/CUH6B8nayb
28/11/2021 05:48;RT @987fm: gettin’ chimmy with it #PTD_ON_STAGE_LA #bts https://t.co/CUH6B8nayb
28/11/2021 05:48;RT @987fm: no because this man was wildin with the smoke machine today #PTD_ON_STAGE_LA #bts https://t.co/JlsSx7FRCp
28/11/2021 05:48;RT @987fm: gettin’ chimmy with it #PTD_ON_STAGE_LA #bts https://t.co/CUH6B8nayb
;RT @jjkslilbitch: SEOUL                            LOS ANGELES
;RT @ARMYTEAMIID: [??]
;RT @koreansales_twt: Prediction for Artist of the Year (Digital) at 11th Gaon Chart Music Awards
;RT @fluffygyuwu: PURPLE BLOODS??
28/11/2021 05:48;RT @987fm: gettin’ chimmy with it #PTD_ON_STAGE_LA #bts https://t.co/CUH6B8nayb
28/11/2021 05:48;RT @Sissylala712: Purple ocean?????? #BTS #PTD_ON_STAGE_LA https://t.co/jO0qywEhdg
28/11/2021 05:48;RT @987fm: gettin’ chimmy with it #PTD_ON_STAGE_LA #bts https://t.co/CUH6B8nayb
28/11/2021 05:48;RT @kellzsvt: LOOK AT THEM !! #BTSARMY #BTS #BTSSoFiStadium https://t.co/14qG5NE3vG
;BTS BRS BTS BTS BTS 
;RT @HYBE_MERCH: BTS 2021 Holiday Collection: Little Wishes - Preview Cuts #2
;RT @JinCrave: Seokjin flying kiss! Oh how we all missed this!! ????
28/11/2021 05:48;RT @987fm: no because this man was wildin with the smoke machine today #PTD_ON_STAGE_LA #bts https://t.co/JlsSx7FRCp
;RT @koreansales_twt: Nominees for 'Album of the Year — 3Q' category at the 11th Gaon Chart Music Awards
28/11/2021 05:48;RT @987fm: tae lookin fire as per usual #PTD_ON_STAGE_LA #bts https://t.co/ycTi4uMh8d
;RT @HYBE_MERCH: BTS 2021 Holiday Collection: Little Wishes - Preview Cuts #2
;RT @Daegu_Gwangju: BTS UPDATE IG STORY (1)
;RT @ARMYTEAMIID: [??]
28/11/2021 05:48;RT @987fm: no because this man was wildin with the smoke machine today #PTD_ON_STAGE_LA #bts https://t.co/JlsSx7FRCp
28/11/2021 05:48;RT @7zpop: I vote for #bts  at 2021 #MAMAVOTE
28/11/2021 05:48;RT @Sissylala712: Purple ocean?????? #BTS #PTD_ON_STAGE_LA https://t.co/jO0qywEhdg
 if we lose first place we will not to…;RT @jk_rawda: Army
28/11/2021 05:48;RT @987fm: tae lookin fire as per usual #PTD_ON_STAGE_LA #bts https://t.co/ycTi4uMh8d
28/11/2021 05:48;RT @987fm: gettin’ chimmy with it #PTD_ON_STAGE_LA #bts https://t.co/CUH6B8nayb
28/11/2021 05:48;I vote for #bts  on #MAMAVOTE   Worldwide Fans' Choice #MAMA2021
;YOU SHOW ME I HAVE REASON I SHOULD LOVE MYSELF ?????????????????????? SOY LLANTO 
28/11/2021 05:48;RT @987fm: gettin’ chimmy with it #PTD_ON_STAGE_LA #bts https://t.co/CUH6B8nayb
28/11/2021 05:48;RT @987fm: no because this man was wildin with the smoke machine today #PTD_ON_STAGE_LA #bts https://t.co/JlsSx7FRCp
28/11/2021 05:48;RT @Sissylala712: Purple ocean?????? #BTS #PTD_ON_STAGE_LA https://t.co/jO0qywEhdg
28/11/2021 05:48;RT @987fm: gettin’ chimmy with it #PTD_ON_STAGE_LA #bts https://t.co/CUH6B8nayb
28/11/2021 05:48;RT @987fm: gettin’ chimmy with it #PTD_ON_STAGE_LA #bts https://t.co/CUH6B8nayb
;RT @ZER0XBLACK: BTS Official Instagram Story (2)
;RT @ARMYTEAMIID: [??]
;RT @ZER0XBLACK: BTS Official Instagram Story (3)
;RT @ARMYTEAMIID: [??]
;RT @ZER0XBLACK: Ken Nettles Instagram
28/11/2021 05:48;RT @kkukstudio: I vote for #bts at 2021 #MAMAVOTE
28/11/2021 05:48;RT @987fm: tae lookin fire as per usual #PTD_ON_STAGE_LA #bts https://t.co/ycTi4uMh8d
28/11/2021 05:48;RT @kellzsvt: THEY WENT ON THE CARTS #BTSARMY #BTS #BTSSoFiStadium https://t.co/2agjdpdj44
28/11/2021 05:48;RT @987fm: no because this man was wildin with the smoke machine today #PTD_ON_STAGE_LA #bts https://t.co/JlsSx7FRCp
28/11/2021 05:48;RT @987fm: gettin’ chimmy with it #PTD_ON_STAGE_LA #bts https://t.co/CUH6B8nayb
28/11/2021 05:48;RT @987fm: gettin’ chimmy with it #PTD_ON_STAGE_LA #bts https://t.co/CUH6B8nayb
28/11/2021 05:48;RT @987fm: gettin’ chimmy with it #PTD_ON_STAGE_LA #bts https://t.co/CUH6B8nayb
28/11/2021 05:48;RT @kellzsvt: THEY WENT ON THE CARTS #BTSARMY #BTS #BTSSoFiStadium https://t.co/2agjdpdj44
28/11/2021 05:48;RT @littlemochi_: @kkukstudio I vote for #bts  at 2021 #MAMAVOTE
28/11/2021 05:48;RT @ginnyarmy1306: can't breath?? #????? #BTSARMY #BTS #PTD_ON_STAGE_LA https://t.co/5LIdcyi1A5
;RT @BTSEMPIRES: These streaming links have average of 50K+ viewers
28/11/2021 05:48;RT @987fm: gettin’ chimmy with it #PTD_ON_STAGE_LA #bts https://t.co/CUH6B8nayb
;RT @mama2021nominee: 5 free votes for Final #Mama2021
;RT @ARMYTEAMIID: [??]
;RT @mohana_bts: KIM NAMJOON EXCUSE ME ??????
;RT @VanteVids: I LOVE YOU KIM TAEHYUNG!! 
;RT @BTS_twt_TAEHYNG: BTS 2021 Holiday Collection: Little Wishes - Preview Cuts #V 
28/11/2021 05:48;RT @987fm: tae lookin fire as per usual #PTD_ON_STAGE_LA #bts https://t.co/ycTi4uMh8d
28/11/2021 05:48;RT @987fm: no because this man was wildin with the smoke machine today #PTD_ON_STAGE_LA #bts https://t.co/JlsSx7FRCp
;RT @KpopFreeVotes_: MAMA 2021 FREE VOTES??
;I'm voting ?? for #bts for #MAMAVOTE 
28/11/2021 05:48;RT @kellzsvt: THEY WENT ON THE CARTS #BTSARMY #BTS #BTSSoFiStadium https://t.co/2agjdpdj44
;RT @ayay_bk_: [ #MAMA2021 ]
;RT @celsealia_m: 5 FREE VOTES to  Final Voting ??
;RT @ZER0XBLACK: BTS Official Instagram Story (1)
;RT @dna: #BTS is organising its first ever live concert! Details inside!
28/11/2021 05:48;RT @987fm: gettin’ chimmy with it #PTD_ON_STAGE_LA #bts https://t.co/CUH6B8nayb
28/11/2021 05:48;RT @987fm: gettin’ chimmy with it #PTD_ON_STAGE_LA #bts https://t.co/CUH6B8nayb
28/11/2021 05:48;Answer: Love Myself ?? #bts
28/11/2021 05:48;@joonality I vote for #bts   at 2021 #MAMAVOTE
;RT @atozv_scan: ?scan?in the soop season2 gift
28/11/2021 05:48;RT @kellzsvt: THEY WENT ON THE CARTS #BTSARMY #BTS #BTSSoFiStadium https://t.co/2agjdpdj44
28/11/2021 05:48;RT @Sissylala712: Purple ocean?????? #BTS #PTD_ON_STAGE_LA https://t.co/jO0qywEhdg
;RT @crazyoverlili7: [MAMA2021]
28/11/2021 05:48;RT @DIORlattae: I vote for #bts at 2021 #MAMAVOTE
;Kim Seokjin with red ribbon ?? such a cutie
;RT @MAMA_2021polls: FREE MAMA 5 VOTES
28/11/2021 05:48;i vote for #bts at #MAMAVOTE
;RT @JinCrave: Kim Seokjin! Having the time of his life! ?? He's so precious!! 
;RT @ZER0XBLACK: BTS Official Instagram Story (2)
;RT @freekvotes: [MAMA FINAL VOTING ROUND]
;RT @jindjarin: WHATT HE FUCKKK
;RT @KpopFreeVotes_: MAMA 2021 FREE VOTES??
28/11/2021 05:48;RT @987fm: no because this man was wildin with the smoke machine today #PTD_ON_STAGE_LA #bts https://t.co/JlsSx7FRCp
28/11/2021 05:48;RT @kkukstudio: I vote for #bts at 2021 #MAMAVOTE
28/11/2021 05:48;RT @bt7tan: I vote for #bts at 2021 #MAMAVOTE
28/11/2021 05:48;RT @kellzsvt: THEY WENT ON THE CARTS #BTSARMY #BTS #BTSSoFiStadium https://t.co/2agjdpdj44
28/11/2021 05:48;I vote for #bts  at 2021 #MAMAVOTE
28/11/2021 05:48;"RT @WORLDMUSICAWARD: #BTS becomes the 1st Group &amp; 1st Asian Act in Spotify History to surpass 22 BILLION Streams across all credits!??????????????…"
28/11/2021 05:48;RT @987fm: gettin’ chimmy with it #PTD_ON_STAGE_LA #bts https://t.co/CUH6B8nayb
;RT @ARMYTEAMIID: [??]
28/11/2021 05:48;RT @kellzsvt: THEY WENT ON THE CARTS #BTSARMY #BTS #BTSSoFiStadium https://t.co/2agjdpdj44
28/11/2021 05:48;RT @987fm: no because this man was wildin with the smoke machine today #PTD_ON_STAGE_LA #bts https://t.co/JlsSx7FRCp
28/11/2021 05:48;RT @taekuyajoonie: THE FACT THEY PUT UNICEF UNGA APPEARANCE THIS YEAR ON VCR WITH THEIR MEANINGFUL SPEECH AND BEAUTIFUL PERFORMANCE IS TOTA…
28/11/2021 05:48;RT @987fm: no because this man was wildin with the smoke machine today #PTD_ON_STAGE_LA #bts https://t.co/JlsSx7FRCp
28/11/2021 05:48;RT @987fm: tae lookin fire as per usual #PTD_ON_STAGE_LA #bts https://t.co/ycTi4uMh8d
28/11/2021 05:48;RT @987fm: tae lookin fire as per usual #PTD_ON_STAGE_LA #bts https://t.co/ycTi4uMh8d
28/11/2021 05:48;RT @987fm: tae lookin fire as per usual #PTD_ON_STAGE_LA #bts https://t.co/ycTi4uMh8d
;RT @ARMYTEAMIID: [??]
28/11/2021 05:48;RT @987fm: gettin’ chimmy with it #PTD_ON_STAGE_LA #bts https://t.co/CUH6B8nayb
;RT @atozv_scan: ?scan?in the soop season2 gift
28/11/2021 05:48;@joonality I vote for #bts   at 2021 #MAMAVOTE
;RT @celsealia_m: 5 FREE VOTES to  Final Voting ??
28/11/2021 05:48;RT @DIORlattae: I vote for #bts at 2021 #MAMAVOTE
28/11/2021 05:48;RT @987fm: no because this man was wildin with the smoke machine today #PTD_ON_STAGE_LA #bts https://t.co/JlsSx7FRCp
28/11/2021 05:48;RT @kellzsvt: THEY WENT ON THE CARTS #BTSARMY #BTS #BTSSoFiStadium https://t.co/2agjdpdj44
;RT @ARMYTEAMIID: [??]
;?? [scan] BTS DALMAJUNG BASIC PHOTOCARDS
28/11/2021 05:48;RT @Ggkscappuccino: I vote #bts for #MAMAVOTE 2021
28/11/2021 05:48;I hope all of you army are having fun at the concert! I unfortunately cannot go because me and my family can’t affo… https://t.co/rJNe6wsMZr
;JEON JUNGKOOK ????????
;RT @ARMYTEAMIID: [??]
;RT @ARMYTEAMIID: [??]
;RT @BarmysUnitedBR: WE ARE WE ARE FOREVER BULLETPROOF ??????????
;RT @adriani3209P: LOVE MYSELF ME SALVASTE DEL ABISMO ????????
28/11/2021 05:48;RT @cowboykoobop: All I’ve ever wanted was to hear a stadium full of people yelling “YOU CAN’T STOP ME LOVING MYSELF”. And today I got my w…
28/11/2021 05:48;RT @987fm: no because this man was wildin with the smoke machine today #PTD_ON_STAGE_LA #bts https://t.co/JlsSx7FRCp
;RT @spring030993: 211127 [PTD LA] DAY 1
;RT @ZER0XBLACK: BTS Official Instagram Story (1)
28/11/2021 05:48;RT @inibucinnyajk: JUNGKOOK BABY SOON WE MEET OKAIII???????????? #BTSSoFiStadium #BTSARMY #Stage_For_ARMY #bts #????? #BTSConcertLA_D1 @BTS_twt #…
28/11/2021 05:48;RT @987fm: no because this man was wildin with the smoke machine today #PTD_ON_STAGE_LA #bts https://t.co/JlsSx7FRCp
;RT @mohana_bts: JUNG HOSEOK SPLASHING WATER!!! HE FINALLY GOING FOR IT!!!! ??
;Jimin jimin with glasses @BTS_twt 
;RT @MAMA_2021polls: FREE MAMA 5 VOTES
;RT @KpopFreeVotes_: MAMA 2021 FREE VOTES??
28/11/2021 05:48;RT @987fm: no because this man was wildin with the smoke machine today #PTD_ON_STAGE_LA #bts https://t.co/JlsSx7FRCp
;RT @spring030993: 211127 [PTD LA] DAY 1
;RT @btsconcertvideo: Why you still waking with us #BTS @BTS_twt #PTD_ON_STAGE_LA 
28/11/2021 05:48;RT @7zpop: I vote for #bts  at 2021 #MAMAVOTE
28/11/2021 05:48;RT @987fm: tae lookin fire as per usual #PTD_ON_STAGE_LA #bts https://t.co/ycTi4uMh8d
;RT @verritaee: Anderson Paak Instastory Update (2)
28/11/2021 05:48;RT @kellzsvt: They lit up the army bombs saying “BTS” SO CUTE #BTSARMY #BTS #BTSSoFiStadium https://t.co/nAiSzJYm30
;RT @shadow_twts: #BTS is now the first Asian Act to have a solo concert at the SoFi Stadium.
28/11/2021 05:48;RT @RubiDilaik: I pour my soul in whatever I do .... sharing some moments from #Galat #bts https://t.co/D2BDUBYHjZ
28/11/2021 05:48;@nuna_vmin I'm voting ?? for #bts  for #MAMAVOTE    @BTS_twt
;[???] @BTS_twt
;RT @ARMYTEAMIID: [??]
;RT @celsealia_m: 5 FREE VOTES to  Final Voting ??
;RT @HYBE_MERCH: BTS 2021 Holiday Collection: Little Wishes - Preview Cuts #2
;RT @MAMA_2021polls: FREE MAMA 5 VOTES
;RT @ARMYTEAMIID: [??]
;RT @BTS_twt_MYOONGI: BTS 2021 Holiday Collection: Little Wishes - Preview Cuts ( #SUGA ver.)
28/11/2021 05:48;RT @DIORlattae: I vote for #bts at 2021 #MAMAVOTE
28/11/2021 05:48;RT @kkukstudio: I vote for #bts at 2021 #MAMAVOTE
28/11/2021 05:48;RT @987fm: tae lookin fire as per usual #PTD_ON_STAGE_LA #bts https://t.co/ycTi4uMh8d
28/11/2021 05:48;RT @987fm: no because this man was wildin with the smoke machine today #PTD_ON_STAGE_LA #bts https://t.co/JlsSx7FRCp
28/11/2021 05:48;RT @cowboykoobop: All I’ve ever wanted was to hear a stadium full of people yelling “YOU CAN’T STOP ME LOVING MYSELF”. And today I got my w…
;RT @JinAppas_RJ: You know BTS is officially back when you see the Kim Seokjin blow a hand kiss to ARMY in a stadium ??
;Black Swan V fancam 
;RT @BTSonRadioPH: You’ve shown me I have reasons
28/11/2021 05:48;RT @pinkpinkyoongi: I vote for #bts  at 2021 #MAMAVOTE
;RT @btsconcertvideo: Why you still waking with us #BTS @BTS_twt #PTD_ON_STAGE_LA 
28/11/2021 05:48;RT @987fm: tae lookin fire as per usual #PTD_ON_STAGE_LA #bts https://t.co/ycTi4uMh8d
28/11/2021 05:48;RT @987fm: no because this man was wildin with the smoke machine today #PTD_ON_STAGE_LA #bts https://t.co/JlsSx7FRCp
28/11/2021 05:48;RT @987fm: no because this man was wildin with the smoke machine today #PTD_ON_STAGE_LA #bts https://t.co/JlsSx7FRCp
;RT @celsealia_m: 5 FREE VOTES to  Final Voting ??
28/11/2021 05:48;RT @kellzsvt: THEY WENT ON THE CARTS #BTSARMY #BTS #BTSSoFiStadium https://t.co/2agjdpdj44
28/11/2021 05:48;RT @joonality: I vote for #bts  at 2021 #MAMAVOTE
28/11/2021 05:48;RT @987fm: gettin’ chimmy with it #PTD_ON_STAGE_LA #bts https://t.co/CUH6B8nayb
28/11/2021 05:48;RT @kellzsvt: THEYRE SO BEAUTIFUL #BTSARMY #BTS #BTSSoFiStadium https://t.co/7VCWNdCuxX
28/11/2021 05:48;I vote for #bts at 2021 #MAMAVOTE
;RT @crazyoverlili7: [MAMA2021]
;RT @MAMA_2021polls: FREE MAMA 5 VOTES
28/11/2021 05:48;RT @987fm: tae lookin fire as per usual #PTD_ON_STAGE_LA #bts https://t.co/ycTi4uMh8d
28/11/2021 05:48;RT @987fm: tae lookin fire as per usual #PTD_ON_STAGE_LA #bts https://t.co/ycTi4uMh8d
;RT @btswallpxpers_: BTS 2022 Season's greetings' PREVIEW CUTS Wallpapers ~
28/11/2021 05:48;I VOTE FOR #MAMAVOTE #bts mm.
;RT @verritaee: Anderson Paak Instastory Update (2)
28/11/2021 05:48;RT @987fm: gettin’ chimmy with it #PTD_ON_STAGE_LA #bts https://t.co/CUH6B8nayb
28/11/2021 05:48;RT @actuallyyhobi: My man doesn’t want me to be alive ?? #BTSSoFiStadium #BTSARMY #bts #PTD_ON_STAGE_LA_Day1 https://t.co/Ru33qIxZ3y
NA;“We were only seven
;RT @ZER0XBLACK: BTS Official Instagram Story (2)
28/11/2021 05:48;RT @987fm: no because this man was wildin with the smoke machine today #PTD_ON_STAGE_LA #bts https://t.co/JlsSx7FRCp
28/11/2021 05:48;RT @kellzsvt: LOOK AT THEM !! #BTSARMY #BTS #BTSSoFiStadium https://t.co/14qG5NE3vG
28/11/2021 05:48;RT @987fm: tae lookin fire as per usual #PTD_ON_STAGE_LA #bts https://t.co/ycTi4uMh8d
;wab the eternal + love myself = banjir
28/11/2021 05:48;RT @987fm: no because this man was wildin with the smoke machine today #PTD_ON_STAGE_LA #bts https://t.co/JlsSx7FRCp
28/11/2021 05:48;RT @987fm: gettin’ chimmy with it #PTD_ON_STAGE_LA #bts https://t.co/CUH6B8nayb
28/11/2021 05:48;RT @987fm: gettin’ chimmy with it #PTD_ON_STAGE_LA #bts https://t.co/CUH6B8nayb
28/11/2021 05:48;RT @punnysugs: I VOTE FOR #MAMAVOTE #bts
28/11/2021 05:48;RT @987fm: no because this man was wildin with the smoke machine today #PTD_ON_STAGE_LA #bts https://t.co/JlsSx7FRCp
28/11/2021 05:48;RT @987fm: no because this man was wildin with the smoke machine today #PTD_ON_STAGE_LA #bts https://t.co/JlsSx7FRCp
28/11/2021 05:48;RT @987fm: no because this man was wildin with the smoke machine today #PTD_ON_STAGE_LA #bts https://t.co/JlsSx7FRCp
28/11/2021 05:48;RT @DIORlattae: I vote for #bts at 2021 #MAMAVOTE
;RT @ikooklovely: [MAMA 2021] 
;RT @ARMYTEAMIID: [??]
;RT @BTSonRadioPH: You’ve shown me I have reasons
;RT @HYBE_MERCH: BTS 2021 Holiday Collection: Little Wishes - Preview Cuts #1
;RT @MAMA_2021polls: FREE MAMA 5 VOTES
28/11/2021 05:48;RT @987fm: tae lookin fire as per usual #PTD_ON_STAGE_LA #bts https://t.co/ycTi4uMh8d
28/11/2021 05:48;RT @987fm: no because this man was wildin with the smoke machine today #PTD_ON_STAGE_LA #bts https://t.co/JlsSx7FRCp
28/11/2021 05:48;RT @987fm: no because this man was wildin with the smoke machine today #PTD_ON_STAGE_LA #bts https://t.co/JlsSx7FRCp
28/11/2021 05:48;RT @987fm: gettin’ chimmy with it #PTD_ON_STAGE_LA #bts https://t.co/CUH6B8nayb
;RT @ARMYTEAMIID: [??]
28/11/2021 05:48;RT @987fm: tae lookin fire as per usual #PTD_ON_STAGE_LA #bts https://t.co/ycTi4uMh8d
28/11/2021 05:48;RT @987fm: gettin’ chimmy with it #PTD_ON_STAGE_LA #bts https://t.co/CUH6B8nayb
;RT @freekvotes: [MAMA FINAL VOTING ROUND]
28/11/2021 05:48;RT @987fm: gettin’ chimmy with it #PTD_ON_STAGE_LA #bts https://t.co/CUH6B8nayb
28/11/2021 05:48;RT @kkukstudio: I vote for #bts at 2021 #MAMAVOTE
28/11/2021 05:48;RT @originalspin: At SoFi Stadium and Army is fully assembled #bts ?? https://t.co/K8nk38BiHd
;RT @strwbrryoongii: uh uh cuz they think they slick tryna take advantage while we having our fun anyways 
;RT @_candyclover: [IG: bts.bighitofficial] #PTD_ON_STAGE_LA SoFi Day 1 Soundcheck
;I not alone when you
28/11/2021 05:48;RT @987fm: no because this man was wildin with the smoke machine today #PTD_ON_STAGE_LA #bts https://t.co/JlsSx7FRCp
;RT @ZER0XBLACK: BTS Official Instagram Story (2)
28/11/2021 05:48;RT @987fm: tae lookin fire as per usual #PTD_ON_STAGE_LA #bts https://t.co/ycTi4uMh8d
;LOVE MYSELF ME SALVASTE DEL ABISMO ????????
28/11/2021 05:48;RT @ginnyarmy1306: can't breath?? #????? #BTSARMY #BTS #PTD_ON_STAGE_LA https://t.co/5LIdcyi1A5
;RT @ZER0XBLACK: BTS Official Instagram Story (1)
28/11/2021 05:48;RT @95bang_igutu: I VOTE FOR #MAMAVOTE #bts
28/11/2021 05:48;RT @987fm: gettin’ chimmy with it #PTD_ON_STAGE_LA #bts https://t.co/CUH6B8nayb
;RT @KpopFreeVotes_: MAMA 2021 FREE VOTES??
;RT @BTSEMPIRES: These streaming links have average of 50K+ viewers
28/11/2021 05:48;RT @987fm: tae lookin fire as per usual #PTD_ON_STAGE_LA #bts https://t.co/ycTi4uMh8d
28/11/2021 05:48;RT @987fm: gettin’ chimmy with it #PTD_ON_STAGE_LA #bts https://t.co/CUH6B8nayb
;RT @ZER0XBLACK: Ken Nettles Instagram (2)
28/11/2021 05:48;RT @987fm: tae lookin fire as per usual #PTD_ON_STAGE_LA #bts https://t.co/ycTi4uMh8d
;RT @snowflakes__30: THIS IS SO FUNNY! BUT UNDERSTANDABLE ????
28/11/2021 05:48;RT @987fm: no because this man was wildin with the smoke machine today #PTD_ON_STAGE_LA #bts https://t.co/JlsSx7FRCp
;RT @ZER0XBLACK: BTS Official Instagram Story (3)
;RT @spring030993: 211127 [PTD LA] DAY 1
28/11/2021 05:48;RT @987fm: gettin’ chimmy with it #PTD_ON_STAGE_LA #bts https://t.co/CUH6B8nayb
28/11/2021 05:48;RT @987fm: tae lookin fire as per usual #PTD_ON_STAGE_LA #bts https://t.co/ycTi4uMh8d
28/11/2021 05:48;RT @kween_min: ANSWER LIVE MYSELF! OMGGGG GOOSEBUMPS AND CRYING MORE AND MOREEEEE ???? #PTD_ON_STAGE_LA #BTSSoFiStadium #BTS #BTSARMY
28/11/2021 05:48;RT @kkukstudio: I vote for #bts at 2021 #MAMAVOTE
28/11/2021 05:48;RT @kellzsvt: THEY WENT ON THE CARTS #BTSARMY #BTS #BTSSoFiStadium https://t.co/2agjdpdj44
28/11/2021 05:48;RT @987fm: gettin’ chimmy with it #PTD_ON_STAGE_LA #bts https://t.co/CUH6B8nayb
;RT @Lovly_mochitwin: Yeah we got to heaven ....We are 
;RT @ARMYTEAMIID: [??]
28/11/2021 05:48;RT @987fm: no because this man was wildin with the smoke machine today #PTD_ON_STAGE_LA #bts https://t.co/JlsSx7FRCp
;RT @indiacom: #Jungkook won everyone's heart with his energy
;RT @kpopggontop: Most Subscribed Music Artists on YouTube
28/11/2021 05:48;RT @987fm: no because this man was wildin with the smoke machine today #PTD_ON_STAGE_LA #bts https://t.co/JlsSx7FRCp
;RT @_Isaaclowell: [#MAMAVOTE ]
;RT @BaitueyM: You can't stop me lovin' myself ?? 
28/11/2021 05:48;RT @987fm: tae lookin fire as per usual #PTD_ON_STAGE_LA #bts https://t.co/ycTi4uMh8d
;RT @CristZavala: ?? THIS MY LAST SUPPORT FOR #MAMAVOTE 
28/11/2021 05:48;RT @987fm: gettin’ chimmy with it #PTD_ON_STAGE_LA #bts https://t.co/CUH6B8nayb
28/11/2021 05:48;I VOTE FOR #MAMAVOTE #bts ..
28/11/2021 05:48;RT @originalspin: It begins! #BTSinLA #bts https://t.co/yalFYaiS3Y
28/11/2021 05:48;RT @987fm: gettin’ chimmy with it #PTD_ON_STAGE_LA #bts https://t.co/CUH6B8nayb
;RT @dagomenta: Yo intentando llorar con we are bulletproof: the eternal 
;RT @BTSEMPIRES: These streaming links have average of 50K+ viewers
28/11/2021 05:48;RT @987fm: tae lookin fire as per usual #PTD_ON_STAGE_LA #bts https://t.co/ycTi4uMh8d
;You've shown me I have reasons
;RT @megaminimoni_: i'll be dmned if yew try and get us while we having FUN?? ??
;The duality of Kim Seokjin!
;RT @KpopFreeVotes_: MAMA 2021 FREE VOTES??
;RT @jtyjshn: sambil vote
28/11/2021 05:48;RT @DIORlattae: I vote for #bts at 2021 #MAMAVOTE
;RT @mama2021nominee: 5 free votes for Final #Mama2021
28/11/2021 05:48;RT @kellzsvt: THEY WENT ON THE CARTS #BTSARMY #BTS #BTSSoFiStadium https://t.co/2agjdpdj44
;RT @celsealia_m: 5 FREE VOTES to  Final Voting ??
28/11/2021 05:48;RT @987fm: tae lookin fire as per usual #PTD_ON_STAGE_LA #bts https://t.co/ycTi4uMh8d
28/11/2021 05:48;RT @987fm: tae lookin fire as per usual #PTD_ON_STAGE_LA #bts https://t.co/ycTi4uMh8d
NA;im getting goosebumps realizing that after all those hardships and breakdowns of not seeing each other for 2 years
;Jimin????
;RT @ZER0XBLACK: Ken Nettles Instagram (2)
;RT @BTStreamArg: We are Bulletproof: The Eternal y Answer: Love myself ??????????
;RT @HYBE_MERCH: BTS 2021 Holiday Collection: Little Wishes - Preview Cuts #2
;RT @ayay_bk_: [ #MAMA2021 ]
28/11/2021 05:48;RT @987fm: gettin’ chimmy with it #PTD_ON_STAGE_LA #bts https://t.co/CUH6B8nayb
;RT @ayay_bk_: [ #MAMA2021 ]
;We are not seven with you 
28/11/2021 05:48;RT @kkukstudio: I vote for #bts at 2021 #MAMAVOTE
28/11/2021 05:48;RT @987fm: no because this man was wildin with the smoke machine today #PTD_ON_STAGE_LA #bts https://t.co/JlsSx7FRCp
;RT @ZER0XBLACK: Ken Nettles Instagram (2)
;RT @celsealia_m: 5 FREE VOTES to  Final Voting ??
;@btsvotingvn @BTS_twt BTSARMY FOCUS ON DAESANG
;RT @ZER0XBLACK: Ken Nettles Instagram (2)
28/11/2021 05:48;RT @kellzsvt: THEY WENT ON THE CARTS #BTSARMY #BTS #BTSSoFiStadium https://t.co/2agjdpdj44
28/11/2021 05:48;#BTS very beautiful that is jin https://t.co/ht6XtyW51M
28/11/2021 05:48;RT @originalspin: The president is speaking #BTSinLA #bts https://t.co/WWBhGYxi9G
28/11/2021 05:48;RT @kellzsvt: LOOK AT THEM !! #BTSARMY #BTS #BTSSoFiStadium https://t.co/14qG5NE3vG
28/11/2021 05:48;RT @kellzsvt: THEY WENT ON THE CARTS #BTSARMY #BTS #BTSSoFiStadium https://t.co/2agjdpdj44
28/11/2021 05:48;RT @kellzsvt: LOOK AT THEM !! #BTSARMY #BTS #BTSSoFiStadium https://t.co/14qG5NE3vG
;"RT @mohana_bts: ""WE ARE ONLY SEVEN WITH YOU"" - @BTS_twt &amp; ARMY FOREVER"
28/11/2021 05:48;RT @kellzsvt: THEY WENT ON THE CARTS #BTSARMY #BTS #BTSSoFiStadium https://t.co/2agjdpdj44
28/11/2021 05:48;RT @987fm: no because this man was wildin with the smoke machine today #PTD_ON_STAGE_LA #bts https://t.co/JlsSx7FRCp
28/11/2021 05:48;RT @987fm: no because this man was wildin with the smoke machine today #PTD_ON_STAGE_LA #bts https://t.co/JlsSx7FRCp
;RT @jtyjshn: sambil vote
;RT @ARMYTEAMIID: [??]
28/11/2021 05:48;RT @ARMY0T_7: @btsvotingorg I vote for #bts  as Worldwide Fan’s Choice Top 10 at the #MAMAVOTE
28/11/2021 05:48;RT @987fm: no because this man was wildin with the smoke machine today #PTD_ON_STAGE_LA #bts https://t.co/JlsSx7FRCp
;RT @ARMYTEAMIID: [??]
;RT @ARMYTEAMIID: [??]
;RT @MariaGiorgiaM: Now
;RT @ARMYTEAMIID: [??]
28/11/2021 05:48;RT @987fm: no because this man was wildin with the smoke machine today #PTD_ON_STAGE_LA #bts https://t.co/JlsSx7FRCp
;RT @ARMYTEAMIID: [??]
;RT @haruxjjk: [miracle in seventh street]
28/11/2021 05:48;RT @987fm: gettin’ chimmy with it #PTD_ON_STAGE_LA #bts https://t.co/CUH6B8nayb
;RT @friendxz: LOVE MYSELF NAMJOON ??
28/11/2021 05:48;RT @987fm: no because this man was wildin with the smoke machine today #PTD_ON_STAGE_LA #bts https://t.co/JlsSx7FRCp
28/11/2021 05:48;RT @kellzsvt: THEY WENT ON THE CARTS #BTSARMY #BTS #BTSSoFiStadium https://t.co/2agjdpdj44
28/11/2021 05:48;RT @987fm: tae lookin fire as per usual #PTD_ON_STAGE_LA #bts https://t.co/ycTi4uMh8d
28/11/2021 05:48;Gonna need some of that confetti!!! #bts #PTD_ON_STAGE_LA
;RT @ARMYTEAMIID: [??]
;RT @JinCrave: Seokjin flying kiss! Oh how we all missed this!! ????
28/11/2021 05:48;RT @kellzsvt: LOOK AT THEM !! #BTSARMY #BTS #BTSSoFiStadium https://t.co/14qG5NE3vG
;RT @MAMAFreeVotes: #2021MAMA World Fan's Choice Top 10 [ FINAL VOTING ]
28/11/2021 05:48;RT @987fm: no because this man was wildin with the smoke machine today #PTD_ON_STAGE_LA #bts https://t.co/JlsSx7FRCp
28/11/2021 05:48;RT @DIORlattae: I vote for #bts at 2021 #MAMAVOTE
;RT @BTStreamArg: We are Bulletproof: The Eternal y Answer: Love myself ??????????
;Even when I'm enjoying a concert 
;RT @Lovly_mochitwin: ANDERSON AND HIS SON FINALLY MET BTS AT THE BACKSTAGE ????
;RT @BTSHome389: Like
28/11/2021 05:48;RT @987fm: no because this man was wildin with the smoke machine today #PTD_ON_STAGE_LA #bts https://t.co/JlsSx7FRCp
28/11/2021 05:48;RT @sy1_cho: i hope the next blink is the last I will ever blink.?? #WAB #BTSCONCERT #BTS #BTSARMY #BTSSoFiStadium #BTSTICKETSELLING #BTSSoF…
28/11/2021 05:48;RT @987fm: tae lookin fire as per usual #PTD_ON_STAGE_LA #bts https://t.co/ycTi4uMh8d
28/11/2021 05:48;RT @ginnyarmy1306: can't breath?? #????? #BTSARMY #BTS #PTD_ON_STAGE_LA https://t.co/5LIdcyi1A5
;RT @ARMYTEAMIID: [??]
28/11/2021 05:48;RT @kellzsvt: LOOK AT THEM !! #BTSARMY #BTS #BTSSoFiStadium https://t.co/14qG5NE3vG
;answer love myself
;RT @MAMA_2021polls: ? VOTING POLL ?
;RT @BTSHome389: This stadium is PACKED to the rafters.
28/11/2021 05:48;RT @kellzsvt: LOOK AT THEM !! #BTSARMY #BTS #BTSSoFiStadium https://t.co/14qG5NE3vG
;RT @_candyclover: [IG: bts.bighitofficial] #PTD_ON_STAGE_LA SoFi Day 1 Soundcheck
;RT @ZER0XBLACK: Ken Nettles Instagram
;RT @CristZavala: ?? THIS MY LAST SUPPORT FOR #MAMAVOTE 
;RT @Vellanelle1: https://t.co/KayU0cfDiL
;RT @ARMYTEAMIID: [??]
;RT @ZER0XBLACK: Ken Nettles Instagram
;RT @HYBE_MERCH: BTS 2021 Holiday Collection: Little Wishes - Preview Cuts #2
28/11/2021 05:48;RT @kellzsvt: THEY WENT ON THE CARTS #BTSARMY #BTS #BTSSoFiStadium https://t.co/2agjdpdj44
;RT @crazyoverlili7: [MAMA2021]
;RT @HYBE_MERCH: BTS 2021 Holiday Collection: Little Wishes - Preview Cuts #1
;RT @jk1997crush: Jungkook and his ripped shirt..????
28/11/2021 05:48;RT @987fm: no because this man was wildin with the smoke machine today #PTD_ON_STAGE_LA #bts https://t.co/JlsSx7FRCp
28/11/2021 05:48;RT @987fm: no because this man was wildin with the smoke machine today #PTD_ON_STAGE_LA #bts https://t.co/JlsSx7FRCp
28/11/2021 05:48;RT @987fm: no because this man was wildin with the smoke machine today #PTD_ON_STAGE_LA #bts https://t.co/JlsSx7FRCp
;My pretty boy forever ???
28/11/2021 05:48;RT @Sissylala712: Purple ocean?????? #BTS #PTD_ON_STAGE_LA https://t.co/jO0qywEhdg
28/11/2021 05:48;I vote for #bts 2021 #MAMAVOTE
28/11/2021 05:48;RT @987fm: gettin’ chimmy with it #PTD_ON_STAGE_LA #bts https://t.co/CUH6B8nayb
28/11/2021 05:48;RT @987fm: gettin’ chimmy with it #PTD_ON_STAGE_LA #bts https://t.co/CUH6B8nayb
28/11/2021 05:48;RT @a_k_a95: BUTTER #BTSSoFiStadium #BTS #BTSinLA #BTSPermissionToDanceOnStageLA https://t.co/YBjWS11GQA
;RT @BTSNewsBrasil: ?? Chloe Bailey no Instagram 
;RT @sugako0ki: My Final #PTD_ON_STAGE_LA 
28/11/2021 05:48;RT @987fm: no because this man was wildin with the smoke machine today #PTD_ON_STAGE_LA #bts https://t.co/JlsSx7FRCp
;RT @ARMYTEAMIID: [??]
;RT @ARMYTEAMIID: [??]
28/11/2021 05:48;I VOTE FOR #MAMAVOTE #bts m
;RT @HYBE_MERCH: BTS 2021 Holiday Collection: Little Wishes - Preview Cuts #2
NA;RT @Mkria2: Good morning 
28/11/2021 05:48;RT @987fm: no because this man was wildin with the smoke machine today #PTD_ON_STAGE_LA #bts https://t.co/JlsSx7FRCp
;RT @7btsupdates: Purple stadium udah full ??
;????
28/11/2021 05:48;RT @987fm: no because this man was wildin with the smoke machine today #PTD_ON_STAGE_LA #bts https://t.co/JlsSx7FRCp
28/11/2021 05:48;“you’ve shown me I have reasons I should love myself” the mutual love that the #BTSARMY and #BTS have for each othe… https://t.co/bR0i3VprX8
;RT @ARMYTEAMIID: [??]
28/11/2021 05:48;RT @987fm: gettin’ chimmy with it #PTD_ON_STAGE_LA #bts https://t.co/CUH6B8nayb
28/11/2021 05:48;RT @987fm: no because this man was wildin with the smoke machine today #PTD_ON_STAGE_LA #bts https://t.co/JlsSx7FRCp
28/11/2021 05:48;RT @987fm: gettin’ chimmy with it #PTD_ON_STAGE_LA #bts https://t.co/CUH6B8nayb
;RT @HYBE_MERCH: BTS 2021 Holiday Collection: Little Wishes - Preview Cuts #2
28/11/2021 05:48;RT @987fm: no because this man was wildin with the smoke machine today #PTD_ON_STAGE_LA #bts https://t.co/JlsSx7FRCp
28/11/2021 05:48;RT @kellzsvt: THEY WENT ON THE CARTS #BTSARMY #BTS #BTSSoFiStadium https://t.co/2agjdpdj44
28/11/2021 05:48;RT @987fm: gettin’ chimmy with it #PTD_ON_STAGE_LA #bts https://t.co/CUH6B8nayb
 if we lose first place we will not to…;RT @jk_rawda: Army
;Kim Namjoon runs this app. MAKE SOME MOTHERFCKN NOISE!! 
28/11/2021 05:48;RT @987fm: gettin’ chimmy with it #PTD_ON_STAGE_LA #bts https://t.co/CUH6B8nayb
28/11/2021 05:48;RT @987fm: gettin’ chimmy with it #PTD_ON_STAGE_LA #bts https://t.co/CUH6B8nayb
28/11/2021 05:48;RT @987fm: no because this man was wildin with the smoke machine today #PTD_ON_STAGE_LA #bts https://t.co/JlsSx7FRCp
;RT @koreansales_twt: Prediction for Artist of the Year (Digital) at 11th Gaon Chart Music Awards
;RT @ARMYTEAMIID: [??]
28/11/2021 05:48;RT @987fm: gettin’ chimmy with it #PTD_ON_STAGE_LA #bts https://t.co/CUH6B8nayb
;RT @mama2021nominee: 5 free votes for Final #Mama2021
28/11/2021 05:48;RT @987fm: no because this man was wildin with the smoke machine today #PTD_ON_STAGE_LA #bts https://t.co/JlsSx7FRCp
28/11/2021 05:48;RT @987fm: tae lookin fire as per usual #PTD_ON_STAGE_LA #bts https://t.co/ycTi4uMh8d
28/11/2021 05:48;RT @987fm: tae lookin fire as per usual #PTD_ON_STAGE_LA #bts https://t.co/ycTi4uMh8d
;RT @ARMYTEAMIID: [??]
;RT @jtyjshn: sambil vote
;RT @MAMA_2021polls: FREE MAMA 5 VOTES
28/11/2021 05:48;RT @987fm: tae lookin fire as per usual #PTD_ON_STAGE_LA #bts https://t.co/ycTi4uMh8d
28/11/2021 05:48;RT @kellzsvt: THEY WENT ON THE CARTS #BTSARMY #BTS #BTSSoFiStadium https://t.co/2agjdpdj44
28/11/2021 05:48;RT @7zpop: I vote for #bts  at 2021 #MAMAVOTE
28/11/2021 05:48;RT @987fm: tae lookin fire as per usual #PTD_ON_STAGE_LA #bts https://t.co/ycTi4uMh8d
;RT @HYBE_MERCH: BTS 2021 Holiday Collection: Little Wishes - Preview Cuts #1
28/11/2021 05:48;RT @987fm: tae lookin fire as per usual #PTD_ON_STAGE_LA #bts https://t.co/ycTi4uMh8d
;RT @ARMYTEAMIID: [??]
28/11/2021 05:48;RT @987fm: tae lookin fire as per usual #PTD_ON_STAGE_LA #bts https://t.co/ycTi4uMh8d
28/11/2021 05:48;RT @kkukstudio: I vote for #bts at 2021 #MAMAVOTE
28/11/2021 05:48;RT @987fm: tae lookin fire as per usual #PTD_ON_STAGE_LA #bts https://t.co/ycTi4uMh8d
;RT @ayay_bk_: [ #MAMA2021 ]
28/11/2021 05:48;RT @bts_bighit: This is a huge honor?? Thanks to everyone who supports our music journey! ?? @RecordingAcad #GRAMMYs #BTS #????? https://t.co…
28/11/2021 05:48;RT @kkukstudio: I vote for #bts at 2021 #MAMAVOTE
28/11/2021 05:48;RT @987fm: no because this man was wildin with the smoke machine today #PTD_ON_STAGE_LA #bts https://t.co/JlsSx7FRCp
;RT @HYBE_MERCH: BTS 2021 Holiday Collection: Little Wishes - Preview Cuts #1
28/11/2021 05:48;RT @987fm: gettin’ chimmy with it #PTD_ON_STAGE_LA #bts https://t.co/CUH6B8nayb
;RT @ARMYTEAMIID: [??]
;RT @ZER0XBLACK: Ken Nettles Instagram (2)
28/11/2021 05:48;I vote #bts (@BTS_twt) on MAMA Worldwide Fans' Choice Top 10. #MAMAVOTE
28/11/2021 05:48;RT @DIORlattae: I vote for #bts at 2021 #MAMAVOTE
28/11/2021 05:48;Love Yourself ???????? #PTD_ON_STAGE_LA_Day1 #BTS #BTSARMY #BTSSoFiStadium
28/11/2021 05:48;RT @987fm: gettin’ chimmy with it #PTD_ON_STAGE_LA #bts https://t.co/CUH6B8nayb
28/11/2021 05:48;RT @987fm: tae lookin fire as per usual #PTD_ON_STAGE_LA #bts https://t.co/ycTi4uMh8d
;RT @ARMYTEAMIID: [??]
28/11/2021 05:48;RT @kellzsvt: LOOK AT THEM !! #BTSARMY #BTS #BTSSoFiStadium https://t.co/14qG5NE3vG
28/11/2021 05:48;RT @987fm: tae lookin fire as per usual #PTD_ON_STAGE_LA #bts https://t.co/ycTi4uMh8d
28/11/2021 05:48;RT @kkukstudio: I vote for #bts at 2021 #MAMAVOTE
28/11/2021 05:48;RT @987fm: tae lookin fire as per usual #PTD_ON_STAGE_LA #bts https://t.co/ycTi4uMh8d
28/11/2021 05:48;RT @987fm: no because this man was wildin with the smoke machine today #PTD_ON_STAGE_LA #bts https://t.co/JlsSx7FRCp
;RT @yektahmdi: We are bulletproof 
;RT @saaaptrr_: TBL TBL TBL Tremor Banget Lohh ????
;RT @ZER0XBLACK: BTS Official Instagram Story (1)
;RT @atozv_scan: ?scan?in the soop season2 gift
28/11/2021 05:48;RT @kkukstudio: I vote for #bts at 2021 #MAMAVOTE
;RT @ARMYTEAMIID: [??]
;RT @ZER0XBLACK: Ken Nettles Instagram (2)
;RT @ARMYTEAMIID: [??]
28/11/2021 05:48;RT @987fm: gettin’ chimmy with it #PTD_ON_STAGE_LA #bts https://t.co/CUH6B8nayb
28/11/2021 05:48;RT @987fm: gettin’ chimmy with it #PTD_ON_STAGE_LA #bts https://t.co/CUH6B8nayb
28/11/2021 05:48;RT @kellzsvt: THEYRE SO BEAUTIFUL #BTSARMY #BTS #BTSSoFiStadium https://t.co/7VCWNdCuxX
;RT @ZER0XBLACK: BTS Official Instagram Story (2)
28/11/2021 05:48;RT @kellzsvt: THEY WENT ON THE CARTS #BTSARMY #BTS #BTSSoFiStadium https://t.co/2agjdpdj44
28/11/2021 05:48;RT @987fm: no because this man was wildin with the smoke machine today #PTD_ON_STAGE_LA #bts https://t.co/JlsSx7FRCp
28/11/2021 05:48;RT @kellzsvt: THEY WENT ON THE CARTS #BTSARMY #BTS #BTSSoFiStadium https://t.co/2agjdpdj44
28/11/2021 05:48;RT @ginnyarmy1306: can't breath?? #????? #BTSARMY #BTS #PTD_ON_STAGE_LA https://t.co/5LIdcyi1A5
28/11/2021 05:48;RT @SarangLish7: This is beautiful #bts #BTSARMY #BTS_PTD_LA #BTSSoFiStadium https://t.co/ifGHt1Utzp
;RT @2021_MAMA_VOTE: FREE 2021 MAMA VOTE
;RT @babii__nminh: tell me your every story
28/11/2021 05:48;RT @kellzsvt: THEY WENT ON THE CARTS #BTSARMY #BTS #BTSSoFiStadium https://t.co/2agjdpdj44
28/11/2021 05:48;RT @987fm: no because this man was wildin with the smoke machine today #PTD_ON_STAGE_LA #bts https://t.co/JlsSx7FRCp
28/11/2021 05:48;RT @7zpop: I vote for #bts  at 2021 #MAMAVOTE
28/11/2021 05:48;RT @987fm: gettin’ chimmy with it #PTD_ON_STAGE_LA #bts https://t.co/CUH6B8nayb
;IM LEARNING HOW TO LOVE MYSELF THANKS TO YOU BTS
28/11/2021 05:48;RT @987fm: tae lookin fire as per usual #PTD_ON_STAGE_LA #bts https://t.co/ycTi4uMh8d
28/11/2021 05:48;RT @kkukstudio: I vote for #bts at 2021 #MAMAVOTE
28/11/2021 05:48;RT @etaernalty: I vote for #bts at 2021 #MAMAVOTE
28/11/2021 05:48;RT @987fm: no because this man was wildin with the smoke machine today #PTD_ON_STAGE_LA #bts https://t.co/JlsSx7FRCp
;"RT @UpdatesforBTS: ""I will prove it to you all""- Kim Namjoon "
28/11/2021 05:48;RT @987fm: no because this man was wildin with the smoke machine today #PTD_ON_STAGE_LA #bts https://t.co/JlsSx7FRCp
28/11/2021 05:48;RT @987fm: gettin’ chimmy with it #PTD_ON_STAGE_LA #bts https://t.co/CUH6B8nayb
28/11/2021 05:48;RT @kkukstudio: I vote for #bts at 2021 #MAMAVOTE
28/11/2021 05:48;I vote for #bts at 2021 #MAMAVOTE
;RT @spring030993: 211127 [PTD LA] DAY 1
;RT @ARMYTEAMIID: [??]
;RT @ARMYTEAMIID: [??]
28/11/2021 05:48;RT @987fm: no because this man was wildin with the smoke machine today #PTD_ON_STAGE_LA #bts https://t.co/JlsSx7FRCp
28/11/2021 05:48;@DIORlattae I vote for #bts at 2021 #MAMAVOTE
28/11/2021 05:48;RT @987fm: gettin’ chimmy with it #PTD_ON_STAGE_LA #bts https://t.co/CUH6B8nayb
28/11/2021 05:48;RT @987fm: no because this man was wildin with the smoke machine today #PTD_ON_STAGE_LA #bts https://t.co/JlsSx7FRCp
28/11/2021 05:48;jiminnn???? #BTSARMY #bts #BTS_PTD_LA #army https://t.co/zu13Zr5QBe
;RT @BTStreamArg: We are Bulletproof: The Eternal y Answer: Love myself ??????????
28/11/2021 05:48;RT @kellzsvt: They lit up the army bombs saying “BTS” SO CUTE #BTSARMY #BTS #BTSSoFiStadium https://t.co/nAiSzJYm30
 if we lose first place we will not to…;RT @jk_rawda: Army
28/11/2021 05:48;RT @kellzsvt: THEY WENT ON THE CARTS #BTSARMY #BTS #BTSSoFiStadium https://t.co/2agjdpdj44
28/11/2021 05:48;RT @987fm: tae lookin fire as per usual #PTD_ON_STAGE_LA #bts https://t.co/ycTi4uMh8d
28/11/2021 05:48;RT @987fm: tae lookin fire as per usual #PTD_ON_STAGE_LA #bts https://t.co/ycTi4uMh8d
28/11/2021 05:48;RT @987fm: no because this man was wildin with the smoke machine today #PTD_ON_STAGE_LA #bts https://t.co/JlsSx7FRCp
28/11/2021 05:48;RT @kellzsvt: THEY WENT ON THE CARTS #BTSARMY #BTS #BTSSoFiStadium https://t.co/2agjdpdj44
28/11/2021 05:48;jimin with glasses ?? ????#BTS   #BTSARMY     #PTD_ON_STAGE_LA     #Stage_For_ARMY https://t.co/tsto6LeOrE
;RT @ARMYTEAMIID: [??]
;RT @freekvotes: [MAMA FINAL VOTING ROUND]
;RT @btsconcertvideo: Why you still waking with us #BTS @BTS_twt #PTD_ON_STAGE_LA 
28/11/2021 05:48;RT @987fm: gettin’ chimmy with it #PTD_ON_STAGE_LA #bts https://t.co/CUH6B8nayb
;RT @kthvtaey: Brahhhh
28/11/2021 05:48;RT @kellzsvt: THEY WENT ON THE CARTS #BTSARMY #BTS #BTSSoFiStadium https://t.co/2agjdpdj44
;RT @ARMYTEAMIID: [??]
28/11/2021 05:48;RT @987fm: gettin’ chimmy with it #PTD_ON_STAGE_LA #bts https://t.co/CUH6B8nayb
;RT @kpopfan_234: ?? Giveaway ??
;RT @ZER0XBLACK: Ken Nettles Instagram
;RT @atozv_scan: ?scan?in the soop season2 gift
28/11/2021 05:48;RT @987fm: tae lookin fire as per usual #PTD_ON_STAGE_LA #bts https://t.co/ycTi4uMh8d
;RT @ARMYTEAMIID: [??]
28/11/2021 05:48;I VOTE FOR #MAMAVOTE #bts
28/11/2021 05:48;RT @kkukstudio: I vote for #bts at 2021 #MAMAVOTE
28/11/2021 05:48;RT @987fm: gettin’ chimmy with it #PTD_ON_STAGE_LA #bts https://t.co/CUH6B8nayb
;I CAN'T STOP MYSELF FROM CRYING??????
;RT @BTSdailyinfo: [INSTAGRAM] 211128 @BTS_twt 
28/11/2021 05:48;RT @987fm: tae lookin fire as per usual #PTD_ON_STAGE_LA #bts https://t.co/ycTi4uMh8d
28/11/2021 05:48;RT @987fm: no because this man was wildin with the smoke machine today #PTD_ON_STAGE_LA #bts https://t.co/JlsSx7FRCp
;RT @BTSupdate_7: [IG UPDATE]
28/11/2021 05:48;RT @987fm: gettin’ chimmy with it #PTD_ON_STAGE_LA #bts https://t.co/CUH6B8nayb
28/11/2021 05:48;RT @987fm: gettin’ chimmy with it #PTD_ON_STAGE_LA #bts https://t.co/CUH6B8nayb
;TBL TBL TBL Tremor Banget Lohh ????
28/11/2021 05:48;RT @987fm: no because this man was wildin with the smoke machine today #PTD_ON_STAGE_LA #bts https://t.co/JlsSx7FRCp
28/11/2021 05:48;RT @987fm: gettin’ chimmy with it #PTD_ON_STAGE_LA #bts https://t.co/CUH6B8nayb
;RT @jtyjshn: sambil vote
;RT @HYBE_MERCH: BTS 2021 Holiday Collection: Little Wishes - Preview Cuts #2
;RT @KpopVoteSells: [MAMA 2021]
;RT @KoreOT7: HAHAHA MY BEBU BEING THE MOON AND THE LITTLE PRINCE’S PLANET IN ONE! ??????????
28/11/2021 05:48;RT @987fm: no because this man was wildin with the smoke machine today #PTD_ON_STAGE_LA #bts https://t.co/JlsSx7FRCp
28/11/2021 05:48;RT @kkukstudio: I vote for #bts at 2021 #MAMAVOTE
 if we lose first place we will not to…;RT @jk_rawda: Army
;RT @bts_bighit: #BTS (#?????) Official Light Stick - Wireless Control User Guide 
;RT @abyssmoon7: ANSWER: LOVE MYSELF...
;RT @encounter1995_: 211127 LA day1 preview
28/11/2021 05:48;RT @987fm: tae lookin fire as per usual #PTD_ON_STAGE_LA #bts https://t.co/ycTi4uMh8d
;RT @KpopVoteSells: [MAMA 2021]
;RT @ARMYTEAMIID: [??]
;RT @bts_bighit: Thank you @AMAs! We had the best time performing “Butter??” tonight!
;RT @HYBE_MERCH: BTS 2021 Holiday Collection: Little Wishes - Preview Cuts #1
;RT @tthuyendung_bts: ????????????
28/11/2021 05:48;RT @killahobi: I vote for #bts   at 2021 #MAMAVOTE
28/11/2021 05:48;RT @987fm: gettin’ chimmy with it #PTD_ON_STAGE_LA #bts https://t.co/CUH6B8nayb
28/11/2021 05:48;RT @987fm: gettin’ chimmy with it #PTD_ON_STAGE_LA #bts https://t.co/CUH6B8nayb
;RT @22EILA: Some day ?? #BTS #BTSSoFiStadium
28/11/2021 05:48;RT @kellzsvt: LOOK AT THEM !! #BTSARMY #BTS #BTSSoFiStadium https://t.co/14qG5NE3vG
28/11/2021 05:48;RT @kellzsvt: LOOK AT THEM !! #BTSARMY #BTS #BTSSoFiStadium https://t.co/14qG5NE3vG
;RT @ARMYTEAMIID: [??]
28/11/2021 05:48;RT @987fm: no because this man was wildin with the smoke machine today #PTD_ON_STAGE_LA #bts https://t.co/JlsSx7FRCp
28/11/2021 05:48;RT @kellzsvt: LOOK AT THEM !! #BTSARMY #BTS #BTSSoFiStadium https://t.co/14qG5NE3vG
28/11/2021 05:48;RT @kellzsvt: THEY WENT ON THE CARTS #BTSARMY #BTS #BTSSoFiStadium https://t.co/2agjdpdj44
28/11/2021 05:48;RT @987fm: tae lookin fire as per usual #PTD_ON_STAGE_LA #bts https://t.co/ycTi4uMh8d
;RT @megaminimoni_: i'll be dmned if yew try and get us while we having FUN?? ??
;RT @crazyoverlili7: [MAMA2021]
28/11/2021 05:48;RT @kellzsvt: THEY WENT ON THE CARTS #BTSARMY #BTS #BTSSoFiStadium https://t.co/2agjdpdj44
28/11/2021 05:48;RT @kellzsvt: They lit up the army bombs saying “BTS” SO CUTE #BTSARMY #BTS #BTSSoFiStadium https://t.co/nAiSzJYm30
28/11/2021 05:48;RT @987fm: tae lookin fire as per usual #PTD_ON_STAGE_LA #bts https://t.co/ycTi4uMh8d
;RT @ZER0XBLACK: BTS Official Instagram Story (1)
28/11/2021 05:48;RT @987fm: tae lookin fire as per usual #PTD_ON_STAGE_LA #bts https://t.co/ycTi4uMh8d
28/11/2021 05:48;RT @kellzsvt: LOOK AT THEM !! #BTSARMY #BTS #BTSSoFiStadium https://t.co/14qG5NE3vG
28/11/2021 05:48;RT @987fm: no because this man was wildin with the smoke machine today #PTD_ON_STAGE_LA #bts https://t.co/JlsSx7FRCp
;RT @ARMYTEAMIID: [??]
;RT @ayay_bk_: [ #MAMA2021 ]
;RT @spring030993: 211127 [PTD LA] DAY 1
28/11/2021 05:48;@killahobi I vote for #bts   at 2021 #MAMAVOTE
28/11/2021 05:48;RT @987fm: no because this man was wildin with the smoke machine today #PTD_ON_STAGE_LA #bts https://t.co/JlsSx7FRCp
;RT @myHoonie02: #MAMA2021 #MAMAVOTE2021 
28/11/2021 05:48;RT @987fm: gettin’ chimmy with it #PTD_ON_STAGE_LA #bts https://t.co/CUH6B8nayb
28/11/2021 05:48;RT @kellzsvt: THEY WENT ON THE CARTS #BTSARMY #BTS #BTSSoFiStadium https://t.co/2agjdpdj44
;RT @22EILA: ??????Dope???????? #BTS #BTSSoFiStadium
;RT @spring030993: 211127 [PTD LA] DAY 1
;RT @freekvotes: [MAMA FINAL VOTING ROUND]
28/11/2021 05:48;.. you show me i have reason i should love myself...???? #lovemyself #Bts #BtsArmy
28/11/2021 05:48;RT @987fm: no because this man was wildin with the smoke machine today #PTD_ON_STAGE_LA #bts https://t.co/JlsSx7FRCp
28/11/2021 05:48;RT @987fm: gettin’ chimmy with it #PTD_ON_STAGE_LA #bts https://t.co/CUH6B8nayb
28/11/2021 05:48;RT @987fm: no because this man was wildin with the smoke machine today #PTD_ON_STAGE_LA #bts https://t.co/JlsSx7FRCp
28/11/2021 05:48;RT @987fm: no because this man was wildin with the smoke machine today #PTD_ON_STAGE_LA #bts https://t.co/JlsSx7FRCp
28/11/2021 05:48;RT @987fm: gettin’ chimmy with it #PTD_ON_STAGE_LA #bts https://t.co/CUH6B8nayb
;RT @ayay_bk_: [ #MAMA2021 ]
;RT @idreamyou_: MIN YOONGI
28/11/2021 05:48;RT @987fm: tae lookin fire as per usual #PTD_ON_STAGE_LA #bts https://t.co/ycTi4uMh8d
;RT @2021_MAMA_VOTE: FREE 2021 MAMA VOTE
;RT @spring030993: 211127 [PTD LA] DAY 1
;RT @ARMYTEAMIID: [??]
;RT @MAMA_2021polls: ? VOTING POLL ?
;RT @btsforeverDNA: BTS Permission To Dance On Stage in LA Concert at SoFi Stadium Day 1
;FOLLOW ME FOR LINK UPDATES. I AM SHARING LINKS FROM FACEBOOK LIVES AND TWITTER STREAMS ????????
28/11/2021 05:48;RT @987fm: no because this man was wildin with the smoke machine today #PTD_ON_STAGE_LA #bts https://t.co/JlsSx7FRCp
;RT @lalalendust: “We were only seven
;RT @KPOPVOTES21: ??FREE VOTES FOR MAMA 2021
28/11/2021 05:48;RT @kellzsvt: LOOK AT THEM !! #BTSARMY #BTS #BTSSoFiStadium https://t.co/14qG5NE3vG
28/11/2021 05:48;RT @kellzsvt: THEY WENT ON THE CARTS #BTSARMY #BTS #BTSSoFiStadium https://t.co/2agjdpdj44
28/11/2021 05:48;RT @987fm: no because this man was wildin with the smoke machine today #PTD_ON_STAGE_LA #bts https://t.co/JlsSx7FRCp
;A FLOWER ON HIS HEADDDD!! WAHHHH! SOOO CUTEEEE!!!
;RT @BTStreamArg: We are Bulletproof: The Eternal y Answer: Love myself ??????????
;RT @ARMYTEAMIID: [??]
;RT @celsealia_m: 5 FREE VOTES to  Final Voting ??
28/11/2021 05:48;RT @7PiojoTJ: ANDERSON ESTA CON BTS #BTS https://t.co/p06yYmWyRE
;RT @ARMYTEAMIID: [??]
;RT @_Isaaclowell: [#MAMAVOTE ]
28/11/2021 05:48;RT @987fm: no because this man was wildin with the smoke machine today #PTD_ON_STAGE_LA #bts https://t.co/JlsSx7FRCp
28/11/2021 05:48;RT @987fm: gettin’ chimmy with it #PTD_ON_STAGE_LA #bts https://t.co/CUH6B8nayb
28/11/2021 05:48;RT @Sissylala712: Purple ocean?????? #BTS #PTD_ON_STAGE_LA https://t.co/jO0qywEhdg
28/11/2021 05:48;RT @987fm: gettin’ chimmy with it #PTD_ON_STAGE_LA #bts https://t.co/CUH6B8nayb
28/11/2021 05:48;RT @kkukstudio: I vote for #bts at 2021 #MAMAVOTE
28/11/2021 05:48;RT @987fm: gettin’ chimmy with it #PTD_ON_STAGE_LA #bts https://t.co/CUH6B8nayb
28/11/2021 05:48;RT @987fm: tae lookin fire as per usual #PTD_ON_STAGE_LA #bts https://t.co/ycTi4uMh8d
;RT @ARMYTEAMIID: [??]
28/11/2021 05:48;RT @987fm: gettin’ chimmy with it #PTD_ON_STAGE_LA #bts https://t.co/CUH6B8nayb
;RT @KpopVoteSells: [#2021MAMA]
;RT @BTStreamArg: We are Bulletproof: The Eternal y Answer: Love myself ??????????
;RT @ARMYTEAMIID: [??]
28/11/2021 05:48;RT @kellzsvt: LOOK AT THEM !! #BTSARMY #BTS #BTSSoFiStadium https://t.co/14qG5NE3vG
;RT @ARMYTEAMIID: [??]
;RT @encounter1995_: 211127 LA day1 preview
;RT @bts_bighit: #BTS (#?????) Official Light Stick - Wireless Control User Guide 
 if we lose first place we will not to…;RT @jk_rawda: Army
;RT @BTStreamArg: We are Bulletproof: The Eternal y Answer: Love myself ??????????
28/11/2021 05:48;RT @Sissylala712: Purple ocean?????? #BTS #PTD_ON_STAGE_LA https://t.co/jO0qywEhdg
28/11/2021 05:48;RT @987fm: gettin’ chimmy with it #PTD_ON_STAGE_LA #bts https://t.co/CUH6B8nayb
;Yo intentando llorar con we are bulletproof: the eternal 
;RT @jimimoonchild: Louder than bombs??????
;"RT @sl_fairy: Some one =""ARMY are just a bunch of 15 years old girls"" ??????"
28/11/2021 05:48;RT @987fm: no because this man was wildin with the smoke machine today #PTD_ON_STAGE_LA #bts https://t.co/JlsSx7FRCp
;Eternal tears for We Are Bulletproof Eternal ????????
;RT @koreansales_twt: Top 50 Most Streamed Male Groups on Melon
;RT @LucidDr42359818: ??Worldwide Fans’ Choice TOP 10 Final round giveaway.
28/11/2021 05:48;RT @987fm: no because this man was wildin with the smoke machine today #PTD_ON_STAGE_LA #bts https://t.co/JlsSx7FRCp
28/11/2021 05:48;RT @987fm: tae lookin fire as per usual #PTD_ON_STAGE_LA #bts https://t.co/ycTi4uMh8d
28/11/2021 05:48;RT @kellzsvt: LOOK AT JUNGKOOK #BTS #BTSSoFiStadium #BTSARMY https://t.co/YWSiP0oi9A
;RT @shadow_twts: #BTS is now the first Asian Act to have a solo concert at the SoFi Stadium.
 if we lose first place we will not to…;RT @jk_rawda: Army
28/11/2021 05:48;RT @Sissylala712: Purple ocean?????? #BTS #PTD_ON_STAGE_LA https://t.co/jO0qywEhdg
28/11/2021 05:48;RT @kellzsvt: THEY WENT ON THE CARTS #BTSARMY #BTS #BTSSoFiStadium https://t.co/2agjdpdj44
;RT @cowboykoobop: Proof that Jimin builds the best bridges ????
28/11/2021 05:48;RT @987fm: tae lookin fire as per usual #PTD_ON_STAGE_LA #bts https://t.co/ycTi4uMh8d
28/11/2021 05:48;RT @kellzsvt: LOOK AT THEM !! #BTSARMY #BTS #BTSSoFiStadium https://t.co/14qG5NE3vG
;RT @HYBE_MERCH: BTS 2021 Holiday Collection: Little Wishes - Preview Cuts #2
;Me encanta Answer: Love Myself
 if we lose first place we will not to…;RT @jk_rawda: Army
28/11/2021 05:48;RT @JungkookAsia__: JUNGKOOK in all caps is now trending No. 1 Worldwide for #BTS #PTD_ON_STAGE_LA https://t.co/aFy4P65cKV
28/11/2021 05:48;RT @987fm: gettin’ chimmy with it #PTD_ON_STAGE_LA #bts https://t.co/CUH6B8nayb
28/11/2021 05:48;RT @987fm: no because this man was wildin with the smoke machine today #PTD_ON_STAGE_LA #bts https://t.co/JlsSx7FRCp
;RT @crazyoverlili7: [MAMA2021]
28/11/2021 05:48;RT @987fm: no because this man was wildin with the smoke machine today #PTD_ON_STAGE_LA #bts https://t.co/JlsSx7FRCp
28/11/2021 05:48;RT @JayyyKayyyy07: I vote for #bts at 2021 #MAMAVOTE
28/11/2021 05:48;RT @987fm: no because this man was wildin with the smoke machine today #PTD_ON_STAGE_LA #bts https://t.co/JlsSx7FRCp
28/11/2021 05:48;RT @kkukstudio: I vote for #bts at 2021 #MAMAVOTE
;RT @ARMYTEAMIID: [??]
28/11/2021 05:48;RT @kkukstudio: I vote for #bts at 2021 #MAMAVOTE
;RT @ARMYTEAMIID: [??]
28/11/2021 05:48;RT @987fm: gettin’ chimmy with it #PTD_ON_STAGE_LA #bts https://t.co/CUH6B8nayb
28/11/2021 05:48;RT @987fm: tae lookin fire as per usual #PTD_ON_STAGE_LA #bts https://t.co/ycTi4uMh8d
28/11/2021 05:48;RT @kellzsvt: LOOK AT THEM !! #BTSARMY #BTS #BTSSoFiStadium https://t.co/14qG5NE3vG
28/11/2021 05:48;RT @DIORlattae: I vote for #bts at 2021 #MAMAVOTE
;RT @Victoriokim30: So What JungKook Focus ????????
28/11/2021 05:48;RT @987fm: no because this man was wildin with the smoke machine today #PTD_ON_STAGE_LA #bts https://t.co/JlsSx7FRCp
28/11/2021 05:48;IM CRYING LIKE A BABY RIGHT NOW #BTS
;RT @MAMA_2021polls: FREE MAMA 5 VOTES
;RT @_BTSMoments_: [??] Ken Nettles Instagram Update (2)
28/11/2021 05:48;RT @987fm: no because this man was wildin with the smoke machine today #PTD_ON_STAGE_LA #bts https://t.co/JlsSx7FRCp
;RT @ikooklovely: [MAMA 2021] 
28/11/2021 05:48;RT @987fm: tae lookin fire as per usual #PTD_ON_STAGE_LA #bts https://t.co/ycTi4uMh8d
;RT @MAMA_2021polls: FREE MAMA 5 VOTES
;RT @RMBASEINA: FLY TO MY ROOM OR FLY TO LA?????
;RT @MAMA_2021polls: FREE MAMA 5 VOTES
28/11/2021 05:47;RT @987fm: tae lookin fire as per usual #PTD_ON_STAGE_LA #bts https://t.co/ycTi4uMh8d
28/11/2021 05:47;RT @987fm: gettin’ chimmy with it #PTD_ON_STAGE_LA #bts https://t.co/CUH6B8nayb
28/11/2021 05:47;RT @987fm: no because this man was wildin with the smoke machine today #PTD_ON_STAGE_LA #bts https://t.co/JlsSx7FRCp
28/11/2021 05:47;RT @987fm: tae lookin fire as per usual #PTD_ON_STAGE_LA #bts https://t.co/ycTi4uMh8d
28/11/2021 05:47;RT @kellzsvt: LOOK AT JUNGKOOK #BTS #BTSSoFiStadium #BTSARMY https://t.co/YWSiP0oi9A
28/11/2021 05:47;RT @987fm: no because this man was wildin with the smoke machine today #PTD_ON_STAGE_LA #bts https://t.co/JlsSx7FRCp
28/11/2021 05:47;RT @tetemiiii: KIM NAMJOON Y’ALL BEING THE HOTTEST AND THE BEST LEADER ???? #PTD_ON_STAGE_LA #????? #BTSinLA #BTS #BTSARMY #Stage_For_ARMY ht…
28/11/2021 05:47;RT @kkukstudio: I vote for #bts at 2021 #MAMAVOTE
28/11/2021 05:47;RT @kkukstudio: I vote for #bts at 2021 #MAMAVOTE
28/11/2021 05:47;RT @987fm: no because this man was wildin with the smoke machine today #PTD_ON_STAGE_LA #bts https://t.co/JlsSx7FRCp
28/11/2021 05:47;RT @987fm: gettin’ chimmy with it #PTD_ON_STAGE_LA #bts https://t.co/CUH6B8nayb
;RT @spring030993: 211127 [PTD LA] DAY 1
;RT @spring030993: 211127 [PTD LA] DAY 1
28/11/2021 05:47;RT @987fm: no because this man was wildin with the smoke machine today #PTD_ON_STAGE_LA #bts https://t.co/JlsSx7FRCp
28/11/2021 05:47;RT @BTS_Banana613: Again: I love us ?? #BTSARMY #BTS #PTD_ON_STAGE_LA https://t.co/eupcok6UsU
;RT @Lovly_mochitwin: POSSIBLE #PTD_ON_STAGE_LA SETLIST BASED ON REHEARSALS 
;RT @ARMYTEAMIID: [??]
28/11/2021 05:47;RT @ginnyarmy1306: can't breath?? #????? #BTSARMY #BTS #PTD_ON_STAGE_LA https://t.co/5LIdcyi1A5
28/11/2021 05:47;RT @kellzsvt: LOOK AT THEM !! #BTSARMY #BTS #BTSSoFiStadium https://t.co/14qG5NE3vG
28/11/2021 05:47;RT @987fm: no because this man was wildin with the smoke machine today #PTD_ON_STAGE_LA #bts https://t.co/JlsSx7FRCp
28/11/2021 05:47;RT @987fm: tae lookin fire as per usual #PTD_ON_STAGE_LA #bts https://t.co/ycTi4uMh8d
28/11/2021 05:47;RT @987fm: gettin’ chimmy with it #PTD_ON_STAGE_LA #bts https://t.co/CUH6B8nayb
;RT @ARMYTEAMIID: [??]
;RT @ZER0XBLACK: BTS Official Instagram Story (1)
;RT @HYBE_MERCH: BTS 2021 Holiday Collection: Little Wishes - Preview Cuts #1
;RT @ARMYTEAMIID: [??]
;RT @ARMYTEAMIID: [??]
;RT @mamafvote: ? VOTING POLL ?
28/11/2021 05:47;RT @987fm: no because this man was wildin with the smoke machine today #PTD_ON_STAGE_LA #bts https://t.co/JlsSx7FRCp
28/11/2021 05:47;RT @987fm: tae lookin fire as per usual #PTD_ON_STAGE_LA #bts https://t.co/ycTi4uMh8d
;RT @ARMYTEAMIID: [??]
28/11/2021 05:47;RT @987fm: tae lookin fire as per usual #PTD_ON_STAGE_LA #bts https://t.co/ycTi4uMh8d
28/11/2021 05:47;RT @987fm: tae lookin fire as per usual #PTD_ON_STAGE_LA #bts https://t.co/ycTi4uMh8d
28/11/2021 05:47;RT @kellzsvt: THEY WENT ON THE CARTS #BTSARMY #BTS #BTSSoFiStadium https://t.co/2agjdpdj44
NA;RT @BABANGTAN_613: “We were only seven
;RT @_BTSMoments_: [??] Ken Nettles Instagram Update
28/11/2021 05:47;RT @987fm: gettin’ chimmy with it #PTD_ON_STAGE_LA #bts https://t.co/CUH6B8nayb
;RT @ARMYTEAMIID: [??]
28/11/2021 05:47;RT @987fm: gettin’ chimmy with it #PTD_ON_STAGE_LA #bts https://t.co/CUH6B8nayb
;RT @jtyjshn: sambil vote
28/11/2021 05:47;RT @987fm: gettin’ chimmy with it #PTD_ON_STAGE_LA #bts https://t.co/CUH6B8nayb
28/11/2021 05:47;RT @987fm: gettin’ chimmy with it #PTD_ON_STAGE_LA #bts https://t.co/CUH6B8nayb
;I'm not crying ??????
28/11/2021 05:47;RT @kkukstudio: I vote for #bts at 2021 #MAMAVOTE
28/11/2021 05:47;RT @987fm: tae lookin fire as per usual #PTD_ON_STAGE_LA #bts https://t.co/ycTi4uMh8d
28/11/2021 05:47;RT @987fm: tae lookin fire as per usual #PTD_ON_STAGE_LA #bts https://t.co/ycTi4uMh8d
28/11/2021 05:47;RT @987fm: gettin’ chimmy with it #PTD_ON_STAGE_LA #bts https://t.co/CUH6B8nayb
28/11/2021 05:47;RT @987fm: gettin’ chimmy with it #PTD_ON_STAGE_LA #bts https://t.co/CUH6B8nayb
;RT @starryquin: #JIMIN absolutely killed it
28/11/2021 05:47;RT @987fm: tae lookin fire as per usual #PTD_ON_STAGE_LA #bts https://t.co/ycTi4uMh8d
28/11/2021 05:47;RT @987fm: gettin’ chimmy with it #PTD_ON_STAGE_LA #bts https://t.co/CUH6B8nayb
;RT @megaminimoni_: i'll be dmned if yew try and get us while we having FUN?? ??
28/11/2021 05:47;RT @987fm: gettin’ chimmy with it #PTD_ON_STAGE_LA #bts https://t.co/CUH6B8nayb
 if we lose first place we will not to…;RT @jk_rawda: Army
;RT @HYBE_MERCH: BTS 2021 Holiday Collection: Little Wishes - Preview Cuts #2
;RT @megaminimoni_: i'll be dmned if yew try and get us while we having FUN?? ??
;RT @Jkookiepics: In the soop season2 postcard book
28/11/2021 05:47;RT @987fm: no because this man was wildin with the smoke machine today #PTD_ON_STAGE_LA #bts https://t.co/JlsSx7FRCp
28/11/2021 05:47;RT @987fm: no because this man was wildin with the smoke machine today #PTD_ON_STAGE_LA #bts https://t.co/JlsSx7FRCp
28/11/2021 05:47;RT @987fm: gettin’ chimmy with it #PTD_ON_STAGE_LA #bts https://t.co/CUH6B8nayb
;RT @ZER0XBLACK: First concert of BTS PERMISSION TO DANCE in LA is now starting!
28/11/2021 05:47;RT @987fm: no because this man was wildin with the smoke machine today #PTD_ON_STAGE_LA #bts https://t.co/JlsSx7FRCp
28/11/2021 05:47;RT @987fm: gettin’ chimmy with it #PTD_ON_STAGE_LA #bts https://t.co/CUH6B8nayb
28/11/2021 05:47;RT @987fm: gettin’ chimmy with it #PTD_ON_STAGE_LA #bts https://t.co/CUH6B8nayb
;RT @MAMA_2021polls: ? VOTING POLL ?
28/11/2021 05:47;RT @kkukstudio: I vote for #bts at 2021 #MAMAVOTE
;RT @ZER0XBLACK: Ken Nettles Instagram
;RT @JinCrave: Kim Seokjin! Having the time of his life! ?? He's so precious!! 
;RT @ARMYTEAMIID: [??]
28/11/2021 05:47;RT @987fm: gettin’ chimmy with it #PTD_ON_STAGE_LA #bts https://t.co/CUH6B8nayb
;you've shown me i have reasons
28/11/2021 05:47;RT @987fm: gettin’ chimmy with it #PTD_ON_STAGE_LA #bts https://t.co/CUH6B8nayb
28/11/2021 05:47;RT @987fm: tae lookin fire as per usual #PTD_ON_STAGE_LA #bts https://t.co/ycTi4uMh8d
;RT @KoosYoyo: Black Swan from live play pt 1 
28/11/2021 05:47;RT @987fm: no because this man was wildin with the smoke machine today #PTD_ON_STAGE_LA #bts https://t.co/JlsSx7FRCp
28/11/2021 05:47;RT @987fm: tae lookin fire as per usual #PTD_ON_STAGE_LA #bts https://t.co/ycTi4uMh8d
;Love Yourself: The Answer ????
;RT @KpopFreeVotes_: MAMA 2021 FREE VOTES??
28/11/2021 05:47;RT @kellzsvt: THEY WENT ON THE CARTS #BTSARMY #BTS #BTSSoFiStadium https://t.co/2agjdpdj44
NA;Babies and bad bitches
28/11/2021 05:47;RT @987fm: gettin’ chimmy with it #PTD_ON_STAGE_LA #bts https://t.co/CUH6B8nayb
;RT @ARMYTEAMIID: [??]
28/11/2021 05:47;RT @kkukstudio: I vote for #bts at 2021 #MAMAVOTE
;RT @minsugacheonye: ???? Hoseok en ‘Dis-ease’
;RT @encounter1995_: 211127 LA day1 preview
;RT @BTS_Banana613: HELP ????
;RT @ARMYTEAMIID: [??]
;RT @ARMYTEAMIID: [??]
28/11/2021 05:47;RT @987fm: gettin’ chimmy with it #PTD_ON_STAGE_LA #bts https://t.co/CUH6B8nayb
 if we lose first place we will not to…;RT @jk_rawda: Army
28/11/2021 05:47;RT @punnysugs: I VOTE FOR #MAMAVOTE #bts
28/11/2021 05:47;thanks for everything #BTS ? ! https://t.co/WFJidUBJSD
28/11/2021 05:47;RT @DIORlattae: I vote for #bts at 2021 #MAMAVOTE
28/11/2021 05:47;RT @987fm: no because this man was wildin with the smoke machine today #PTD_ON_STAGE_LA #bts https://t.co/JlsSx7FRCp
;“We were only seven
;RT @spring030993: 211127 [PTD LA] DAY 1
28/11/2021 05:47;RT @kkuksgf: I vote for #bts as Worldwide Fan’s Choice Top 10 at the #MAMAVOTE
28/11/2021 05:47;RT @987fm: tae lookin fire as per usual #PTD_ON_STAGE_LA #bts https://t.co/ycTi4uMh8d
;RT @mamafvote: ? VOTING POLL ?
;We are bulletproof: the Eternal ?
28/11/2021 05:47;RT @kellzsvt: THEY WENT ON THE CARTS #BTSARMY #BTS #BTSSoFiStadium https://t.co/2agjdpdj44
;RT @CristZavala: ?? THIS MY LAST SUPPORT FOR #MAMAVOTE 
28/11/2021 05:47;RT @987fm: gettin’ chimmy with it #PTD_ON_STAGE_LA #bts https://t.co/CUH6B8nayb
28/11/2021 05:47;RT @987fm: no because this man was wildin with the smoke machine today #PTD_ON_STAGE_LA #bts https://t.co/JlsSx7FRCp
28/11/2021 05:47;RT @987fm: no because this man was wildin with the smoke machine today #PTD_ON_STAGE_LA #bts https://t.co/JlsSx7FRCp
;RT @ARMYTEAMIID: [??]
;RT @Victoriokim30: So What JungKook Focus ????????
28/11/2021 05:47;RT @987fm: no because this man was wildin with the smoke machine today #PTD_ON_STAGE_LA #bts https://t.co/JlsSx7FRCp
28/11/2021 05:47;RT @987fm: gettin’ chimmy with it #PTD_ON_STAGE_LA #bts https://t.co/CUH6B8nayb
;RT @verritaee: Anderson Paak Instastory Update (2)
;We are bulletproof the Eternal
;RT @jiwarchive: FREE MAMA WWFC VOTES GIVEAWAY
;Have a good time with Army's..
28/11/2021 05:47;RT @987fm: no because this man was wildin with the smoke machine today #PTD_ON_STAGE_LA #bts https://t.co/JlsSx7FRCp
28/11/2021 05:47;RT @987fm: gettin’ chimmy with it #PTD_ON_STAGE_LA #bts https://t.co/CUH6B8nayb
28/11/2021 05:47;RT @987fm: no because this man was wildin with the smoke machine today #PTD_ON_STAGE_LA #bts https://t.co/JlsSx7FRCp
;?? [scan] BTS DALMAJUNG BASIC PHOTOCARDS
28/11/2021 05:47;RT @kellzsvt: THEY WENT ON THE CARTS #BTSARMY #BTS #BTSSoFiStadium https://t.co/2agjdpdj44
28/11/2021 05:47;RT @987fm: gettin’ chimmy with it #PTD_ON_STAGE_LA #bts https://t.co/CUH6B8nayb
;RT @ayay_bk_: [ #MAMA2021 ]
28/11/2021 05:47;RT @P4RKmimi: @btsvotingorg I vote for #bts   as Worldwide Fan’s Choice Top 10 at the #MAMAVOTE
;RT @ZER0XBLACK: Ken Nettles Instagram
;RT @celsealia_m: 5 FREE VOTES to  Final Voting ??
28/11/2021 05:47;RT @987fm: no because this man was wildin with the smoke machine today #PTD_ON_STAGE_LA #bts https://t.co/JlsSx7FRCp
28/11/2021 05:47;RT @987fm: tae lookin fire as per usual #PTD_ON_STAGE_LA #bts https://t.co/ycTi4uMh8d
28/11/2021 05:47;RT @kellzsvt: THEY WENT ON THE CARTS #BTSARMY #BTS #BTSSoFiStadium https://t.co/2agjdpdj44
28/11/2021 05:47;RT @987fm: tae lookin fire as per usual #PTD_ON_STAGE_LA #bts https://t.co/ycTi4uMh8d
;Yeah we got to heaven ....We are 
28/11/2021 05:47;RT @ginnyarmy1306: can't breath?? #????? #BTSARMY #BTS #PTD_ON_STAGE_LA https://t.co/5LIdcyi1A5
;RT @crazyoverlili7: [MAMA2021]
;RT @BTSonRadioPH: You’ve shown me I have reasons
28/11/2021 05:47;RT @kellzsvt: THEY WENT ON THE CARTS #BTSARMY #BTS #BTSSoFiStadium https://t.co/2agjdpdj44
28/11/2021 05:47;RT @987fm: gettin’ chimmy with it #PTD_ON_STAGE_LA #bts https://t.co/CUH6B8nayb
;RT @ARMYTEAMIID: [??]
28/11/2021 05:47;RT @987fm: gettin’ chimmy with it #PTD_ON_STAGE_LA #bts https://t.co/CUH6B8nayb
28/11/2021 05:47;RT @987fm: tae lookin fire as per usual #PTD_ON_STAGE_LA #bts https://t.co/ycTi4uMh8d
28/11/2021 05:47;RT @987fm: no because this man was wildin with the smoke machine today #PTD_ON_STAGE_LA #bts https://t.co/JlsSx7FRCp
28/11/2021 05:47;RT @987fm: gettin’ chimmy with it #PTD_ON_STAGE_LA #bts https://t.co/CUH6B8nayb
28/11/2021 05:47;RT @kellzsvt: THEY WENT ON THE CARTS #BTSARMY #BTS #BTSSoFiStadium https://t.co/2agjdpdj44
28/11/2021 05:47;RT @kkuksgf: I vote for #bts as Worldwide Fan’s Choice Top 10 at the #MAMAVOTE
;They look so beautiful ??
NA;I saw #Jungkook trending today and I see what you mean.... he's dancing FAKE LOVE with his top naked!!!! omg
;Eles cantando We are Bulletproof : the Eternal
28/11/2021 05:47;RT @kellzsvt: THEY WENT ON THE CARTS #BTSARMY #BTS #BTSSoFiStadium https://t.co/2agjdpdj44
28/11/2021 05:47;RT @987fm: no because this man was wildin with the smoke machine today #PTD_ON_STAGE_LA #bts https://t.co/JlsSx7FRCp
;RT @ARMYTEAMIID: [??]
28/11/2021 05:47;RT @joonality: I vote for #bts  at 2021 #MAMAVOTE
28/11/2021 05:47;RT @987fm: gettin’ chimmy with it #PTD_ON_STAGE_LA #bts https://t.co/CUH6B8nayb
;RT @KpopFreeVotes_: MAMA 2021 FREE VOTES??
28/11/2021 05:47;RT @987fm: no because this man was wildin with the smoke machine today #PTD_ON_STAGE_LA #bts https://t.co/JlsSx7FRCp
;RT @ARMYTEAMIID: [??]
28/11/2021 05:47;RT @987fm: no because this man was wildin with the smoke machine today #PTD_ON_STAGE_LA #bts https://t.co/JlsSx7FRCp
28/11/2021 05:47;RT @kellzsvt: THEY WENT ON THE CARTS #BTSARMY #BTS #BTSSoFiStadium https://t.co/2agjdpdj44
28/11/2021 05:47;RT @kellzsvt: THEY WENT ON THE CARTS #BTSARMY #BTS #BTSSoFiStadium https://t.co/2agjdpdj44
28/11/2021 05:47;RT @987fm: gettin’ chimmy with it #PTD_ON_STAGE_LA #bts https://t.co/CUH6B8nayb
28/11/2021 05:47;RT @987fm: gettin’ chimmy with it #PTD_ON_STAGE_LA #bts https://t.co/CUH6B8nayb
;RT @BTSonRadioPH: You’ve shown me I have reasons
28/11/2021 05:47;RT @987fm: gettin’ chimmy with it #PTD_ON_STAGE_LA #bts https://t.co/CUH6B8nayb
;RT @ARMYTEAMIID: [??]
